Emotion,Text
neutral, tinge ?
joy,naktuk ka piancham ka va nghakhlel tak
sadness,ka thiannu ka va ral dawn mek ka va han lunggai tak em!!!
joy,it mitmeng chu ava mai tak em
fear,phone call pawimawh deuh ka nghak mek ka va han huphurh tak
sadness, ka hmu leh tawh dawn lo hi k va han lunngai tak em
anger,ka ball min vawm bo sak daih chu le .
sadness,mite chuan an nantna te chu an hlimna derin an thup si a.
joy,a pian tirha ta vawi khat nan ka thianna pa chuan hlimna  a fapa a pianin a hmu ve ta
fear,mi hlimna lakah chuan tuman thil dang an ti ngam silo a
anger, ka thil neih zawng zawng nen ka hua che !
sadness,ka thiannu kawi chu ava to tak em
sadness,ka rawn haw meuh chuan ka in chu a lo danglam vek tawh mai a
joy,ka pass dawn chiang lutuk
joy, that hlauh chu  I kal ang u hmiang .
sadness,thil hrilh tur che ka nei mahse ka nei a mahse ka phone a lo thi deih!
sadness, ava pawi ve doctor koh a ngai em ?
joy,hmangaih ka hmuh vawikhat hmuh na ah khan ka va hlim em
fear,thil hlauhawm tawn dawnin ka mur chum chum zel
anger,kan in biak a va trul ve !
fear, ka thianpa bike khal trak zia chu ka mur chum chum mai
sadness,ka va ngai dawn che ve
fear,mi va ti hlauthawng tak ka ek ka cheh trep alawm
joy,ka va hlim tak ka puak dawin ka hria
sadness,ka pa nen chaun zanriah kan ei dawn anih hmel
joy,sikul tha deuhah ka lut dawn
joy, inhmuh lohna a va rei ve I dam maw
fear,ka thrianpa hian thil mak deuh deuh sawi a va ching tak
sadness,tuman an ringlo chu ava pawi em .
fear,k thianpa thil tih tum chu k va hlauh thawng pui e aw
joy,B.A ka pass
sadness,ka chuanve an phallo
anger,min ti phu alawm le
sadness,december kan thleng leh ta der mai a
joy,he khawvel ami hi ka nilo a rawn ti thut mai chuleh
anger,hah deuha hnathawh laia mi awm mai mai hmuh chu .
fear,ka pa ka chan dawn emaw ka tia lawm le
sadness,thil enkim a dik ve amaw tih laia
anger,ka pa ten kalve an phal lo an va han sual tak e aw
fear, chunngkaw tha tak neihloh hi chu a va pawi tak em
sadness,kan chak lo
joy,ka college duhna ah ka lut thei dawn ka va lawm tak
anger,thilsual tiah min mawhpuh chu le
joy,thil chhiar tuk ka nei bik.
joy,pass chhuah lawmna ah ka kal dawn
fear,thilnung an sawisak dan chu leh ka ngaih ava tha lo tak
fear,thil sa deuh ka in a ngai dawn
sadness, thil tih tur ka va ngah em em ve le
sadness, ka tui deuhna a chhe deih alawm le
sadness,vawinah ka thianpa ka chan hlauh mai
fear,kan team chu kan chhakloh ka va hlau ve
fear,hlauthawng
sadness,vawin chu biak tur ka va duh tak em 
sadness,kan zirtir tu ka chhan hlauh mai a
fear,vawin chu eng tak thleng ang maw
neutral,dawr ka kal dawn
joy, tunlai ka va fit ve
joy,christmas present tur kan lei treuh mai
neutral,ka sam a buang tih ka theihnghil trep alawm le
fear,father an k bialpa chungchang a hre chhuakhlauh mai
fear,tu mah tello loa kal chu ka va huphurh tak em
fear,silai in a kap thut mai a
neutral, thian tha tak ka nei alawm
fear,engtin nge ka tih dawn
joy,a va tui tak
joy,a hlim ngat ang
fear,kan flim en chu a va den ve
joy,the homewaork k zo ta
fear,ui in min han um vak mai chu
neutral, a chang changin 
anger,mei khu chu k va ning vee
fear,a tet laia k hlauh thin zia kh
fear,pa ka hlau .
joy,naktuk ka va nhakhlel ve
anger,ka thinrim
anger,a thinrim na in sum hram hram in ka tha e tiin a chhang
joy,thil ti zo vat vat the ang
fear,police in min ko thut alwm le
fear,a rawn kal thut mai
sadness,oi k rei
anger,a va thinrim ve
sadness,e khai aw a
anger,k thil pek ah lawmna chang pawh I hriatloh chu le
anger,tunge ka thil ru che u
joy,ava zai thiam tak em
fear,min va ti hlauthawng tak
anger,buaina a arawn thleng thut thut mai a.
sadness,a thiante mit meng atrang chuan a hrethiam mai. 
joy,lawmna chauh ka nei 
anger,ava meng rum ve. 
sadness, ka va lunggai tak em 
joy,naktuk sermon chu ka nghakhlel khawp mai
joy,hlimna chu pathian in min ka pe hmem tak em
fear,min ti phu a lawm le
joy,zing thawh nuam le!
fear,zanin chu ka va hlau ve
anger, an va bengchheng e aw
joy,kha nu kha alo kal hlauh mai a
sadness,kan va chak teuh si em
joy,an thil puan chu ava tha ve.
fear,ka pass angem le
joy,thiante nen kan in tawng hlawl mai
sadness, ava pawi thin em.
fear,a rawn kal angem le aw
joy,naktuk kua a tha nagwt ang .
neutral, e?
sadness,thlalak ka thlir vawng vawng mai
fear,motor chu ava tlan chak e aw
sadness,a hmai a sen tawn tawn mai
sadness,mahni chiah in ka awm
joy,ava lam thiam tak.
anger,kha pa min tih dan chu leh
anger,a thil an lo tihchhiat sak
joy,pathian  hla ngaihthlak hi a va nuam ve 
sadness,ka ui a thi hlauh mai.
anger, min phatsan kha
sadness,mut pawh ka mu hman meuh lo:(
joy,hna thawh tur ka hmu hlauh mai
neutral, engmah
fear,ka mut laiin ka inah tu emaw an rawn lut thut mai chu
sadness,ka uite nu a thi hlauh mai
anger,ka duhdanin ti lo na the se
joy,biakin I kal ang u hmiang
anger,an va tenawm ve
sadness,mithi kan va ngah ve
sadness,kan inhmu leh tawn lo chu ani mai sia
joy,mi te chu an nui veng veng reng thei mai ah
joy,naktuk ah ka u nen kan inkel dawn
neutral,tha deuhin zir rawh aw
joy,kan zai dawn
fear,tun man a chungchang an hre lo
anger,tianga min han ti hi chu ka ve lawmlo ve
fear,ka hlauthawng lutuk
anger,ka thin a rim
joy, a nuam dawn lutuk ringawt mai
joy,nui rawh le.
fear,ka hmelhriat te min en dan chu a dikin k hrelo
fear,rualbanlohna chungchang i hriat belh duh chuan a hnui a mi hi hmek ru
fear,mahni in mawhpulh ringawt tur ani ngai lo e  mahni inhmanghaih hi a tha a nia
fear,mi 130000 chuanin rilru lam rualbanlohna an nei nia zirna in a tar lang anni
fear, rilru lam doctor hmuh awlsam i duh chuan hemi link ah hian click rawh
fear,hrileng vangin thin lama harsatna nei an pung zel
fear,Climate chnage vangin mi tam tak tan rilru hahna a pun belh zel
fear,rilru lam doctor hmuh awlsam i duh chuan hetah hian hmet rawh le
fear, ka ngaihtuahna ka rawn thawh ve mai mai
fear,panic attack lam hrechiang i pan duh chuan hetah hian hmet rawh le
fear, rilru hahchawlhna i duh chuan helam ah hian lo kal rawh le
fear, puithiam i hmuh duh chuan hetah hian rawn kal rawh le
fear,inchung teruhte ventilation nei mumal lo ah hian awm loh tur
fear,stress lam a puihna i duh chuan tah hian lo kal rawh
fear,hnathawhna avanga rilru hahna tam lam a pan zel
fear,online therapy la duh tan hetan rawn kal rawh le
fear,hnathawhna a rilru tibuai tute hmachhan dan te
fear,ka rilru hahna te hian mahni in hmangaih a ti harsa khawp mai
fear,nizan lama min ngaihtuah avanga min be tu zawng zawng chungah ka lam e
fear,rilru hahna ti dam dan ka hmu chhuak .tih tur ngai zawng chu miten ka ngaidam che an tih hi ani
fear,online a rirlu hahdamna atan skype hi a tha hle
fear,rilru hah damna hi a pawimawh
fear,heng mite hi rilru fim ber te an ni em
fear,skype hmaga counseling la duh tan
fear,enge ka awm dan pawh ka la hrethiam chiah lo
fear,hlauthawng loin thil tih tawp hi atha rilru hahdamnan
fear,nu leh naupang te tan sikul a let hi  a hlauhthawngawm
fear, thil kan  ti chhe nasa lutuk a pawisa pawh min pe duh lo
fear, thil kan  ti chhe nasa lutuk a pawisa pawh min pe duh lo
fear,i lo hahdamnan blanket leh luhkham nuam tak lo lei ve ta che
fear, thil kan  ti chhe nasa lutuk a pawisa pawh min pe duh lo
fear,i rilru hahdam nan heng thilte hi lo ti ve thin ang che
fear,vawin hi keima tan pawh hun pawimawh tak ani
fear,Online Psychotherapy lo  la ve ru
fear,SOCIAL ANXIETY nei te tan
fear,rilru lam buina zirchianna pa riat kan nei e
fear,naupang te tana rizei
fear,psychodermatology rilru lam eng pawh a huam
fear,rilru hahna hi bacteria vang ani thei angem
fear, enge personal identity disorder hi
fear,skype ah rilru lam doctor a awm e
fear,rilru hahna hi bacteria vang ani thei angem
fear,tu emaw khan thil ziah tur mn lo hrilh hram teh u ka rilru a hah lutuk
fear,rilru lam damdawi tam tak kan zuar e
fear,skype ah rilru lam hremi i zawng ve em
fear, rilru natna hla a rawn chhuak ta
fear, hlauna te hahna te
fear,rilru hahdamna i duh ve em	
fear, rilru hahna thlir lawkna ni 
fear, hna thawh rim laia rilru buina hmachhawn dan
fear, rilru hahna thlir lawkna ni
fear, hahna ni
fear, mi kan channa a mi kan sun hi a pawina a awm rere lo ania
fear, rilru hahna  chungchang hi khawngaihin lo thehdarh ve ru
fear, rilru hahna vangin sakhuana hlauh hi a awm thei  an nia
fear,rilru lama in veng hi atha ania
fear,sikul ah hun rei tak kan hmang hian kan rilru lam nasa takin a kaih hnawih ani
fear,enge i blood type in i chungchang a sawi
fear,zingah min ngaih tuahna zawng zawng ka hmuh hian ka lawm a ni
fear, rilru hahna zirchianna pa riat kan nei ta
fear, rilru hahna thlir lawkna ni
fear, damdawi hian nasa takin kan rilru a khawih pawi thei ani	
fear,rilru hahna
fear, kan rilru hah hun lai ber hi kan buai lai ber ani chawk
fear, milar in a buaina a rawn puang darh ta ani
fear, rilru hahna te i hriatbelh duh em
fear,fa neih theihlohna hi mipa tam takin an vei mek ani
fear,rilru lam hre mi rawn rawn rawh le
fear,enge mi rilru hahna lan tir nate engtianga nasa in nge mi a khawih theih	
fear, ka ngaihtuahna ka rawn pho lang ani e
fear, autism chungchang i hriatbelh duh em
fear,rilru lam therapy la duh tan
fear,he thil hi rilru lam atan a chhiartur tha tak ani
fear, mi an lungngaih loh vangin an rilru hahna an neilo tihna anilo
fear,hmuh chi riata i thil ei i u upat hnua a khawih pawi theih te
fear,ha tha tak nei duh tan a thil pariat ti duh te tan
fear, engtin nge trauma in kan rilru a khawih pawi theih dan
fear, vawinah hemi hunah hian rilru lam ah in hriat tirna ah hian lo kal ve rawh
fear, kan estrogen in kan riilru lam a kaih hnawih dan
fear,rilru lam hriat belh duh chuan tah hian lo kal rawh le
fear,rilru lama mi thiamte rawn duh tan
fear, rilru lam in kan mizia a thlak dan
fear, tunah hian i hlima na um rawh thil dang nghak lo hram ru
fear, i nitin nundan in i rilru a khawih danglam nasa thei hle mai
fear, rilru hahna neite tan tahhian min rawn be ru
fear,social distance nei hram a tha e
fear,thil tih thut ngai i nei e
fear,i phone kha a puak thut thei ania
fear,tun thlenga signal neih loh chu k rilru a hah
fear,vawin chu a pawi hle mai
fear,rilru buina i nei ami
fear,	indo na chhuah thut theih ring ani
fear, in te lutuk emaw lian lutuk neihloh tur
fear,sawrkar in thil thalo an ti em loang chu maw
fear,hmelhriat loh nen a hnathawh loh hram i beisei ang	
fear, a tui a tihloh ka va hlau ve
fear, thluak chauh niloin kan rilru nen kan inzirtir a tha e
fear, mi pa emaw hmeichhia pawh nise kan pute hi chu hlauh tur
fear, exam kan nei dawn
fear, hlauhna neih te hi a tha
fear,ka hmaihte hi ka chan ang tih ka va hlau ve
fear, hruaituu tha kan neih a va trul em
fear, khawngaih takin lo dam hram rawh
fear, tinge a va har ve	
fear, kan khawvel chhiat tawh ziah hi
fear, 	hlau thawg suh
fear, thlahrang film ka en a ka hlau
fear, ka va huphurh e
fear, i hma lam hun ngun takin thlir ve rawh
fear, thihna chungchang ka vawi khat hriatna
fear, a bo thut mai
fear, sikul thluka hlauh ka neilo
fear,class a tumah hmel thriat neihloh mai chuh	
fear, doctor hmuh te nuam ka tilo
fear, hmelhriatloh biak ka hlau
fear, zan thiam ka hlau
fear, mahni in tumah kan awm lo
fear, enge i hlauh
fear, hlau reng reng suh
fear, tinge i hlauh leh thin le
fear, vawin chu ka van hlau tak
fear, mahni a zing hi chu a hlauhawm
fear, ka lak atrang kal bo lo hram rawh	
fear, eng thil nge i hlauh
fear, i thil hlauh min hrilh rawh
fear, hmehriat loh bula awm hi nuam ka tilo
fear, mipui zinga awm nuam ka tilo
fear, tlan chhe rawh
fear, bialpa a nei em ka zawt hlau
fear, min hmu lo hram se aw
fear, min hmu lo se ka van ti
fear, ka zam lutuk
fear, mipui hmaa ding hi ka zam
fear, mi in hnunga an au thut hian i hlau ve thin em
fear, ka kal ngam lo ka zam
fear, ui ka zam e
fear, kan nungchate humhalh te hi a trul a ni
fear,mi tam tak ruk bo an ni
fear, thil hmuh chhuan thar avangin kan thil neihte a rin tlak nge tlak lo zir chian mek a ni
fear, biakin chu nizan khan tu tih hriatloh ten an rawk ani
fear, rukru te kan tawng palh ang
fear, in thil an ru ange aw
fear, rukru te in tawng hlauh ange
fear, suamhmang te in tawng ange
fear, misual te in tawng ange
fear, misual an rawn kal dawn
fear, hremna i tawk ange
fear, i sual chuan ramhuai in a ru bo daih dawn che a nia aw
fear, ka dam chhuak leh thei a ngem le aw
fear, dam hram ila aw
fear, ka thi duh lo
fear, thi lo hram rawh
fear, thianpa min chhan rawh
fear, min chhan ru
fear, misual
fear, rukru
fear, ramhuai
fear, suamhmang
fear, thualthatu
fear, lungphu thalo te i nei ange
fear, lungphu thalo min neih tir dawn alawm le
fear,min pui hram ru
fear, mamawh hunah an rawn kal em ang chu maw
fear, mamawh niin khawiah mah an awm nang
fear, ka thi dawn amaw ka tiam lawm le
fear, hlau rere suh i tan ka awm a nia
fear, a thu sawi khan min ti hlauthawng alawm
sadness, ka lu a na a ka mu mek
sadness, mitthi inah ka awm mek
joy,thiante ka va kawm chak tawh e
neutral, thil intleng i duh em
fear, tinge ilo kal loh a i tha em 
fear, thianpa chu engtin tak awm ta maw a tha em ang chu maw
fear,	khaia tinge a thih thut a
sadness,ka hmangaih ka ngai che
sadness,tipalh
neutral, mut chhuak lo
fear, a thil ei hak a nge
sadness, a zo thei loang a
sadness, tlang lawn hi chu inhremna a ni ringawt
neutral, ka hre ve chiah e
sadness,na karen a awm lo
joy, a tha e
sadness,tinge zan ka mut theih miah loh le	
fear, a lawm loh thu a sawi a nia aw
sadness,ka hmagaih che emaw i ti chu ka tipalh aw
fear,ava pawi ve a that leh vat ka lo beisei ang
joy,thil tha deuh a rukin ka rua hman dawn
neutral, enge i thupui.
fear, khaia  ka thil ei hi  ka hre miahlo
sadness,ka damlo dawn anih hi
fear,ka haw kawngah hmelhriatloh pahnih ka tawng alwam
sadness,  tinge chutiang ten an lo tih che a .ava pawi ve
fear,karei ka zo hman tawh miahlo ang a
sadness,exam chu engmah thiam pawh ka neih k hrelo a
anger,cancer hi ka hua
anger, chu nu chu zanrei ah enge a tih le
neutral, mut chhuak lo
neutral,  saw bus
neutral, kan leng mai ai ange
neutral, minlo be rawh
neutral, kar thum a la awm
sadness,mut theihloh chu avan hrehawm
fear, ka va mamawh ve thil pawi a thleng hmain
neutral, hna ka thawh angai a
neutral, min zui suh aw
joy, vaiin chu ni nuam tak ani	
joy, lo kal ngei ngei rawh kan hmu chak lutuk che
fear, aw! tunge phone theihnghilh le
fear, thil theihnghilh i nei ange aw 
neutral,sikul chu khar ani
fear, naktuk sikul ka kal thei em ang chu maw
fear, min zirtir loh chu ka hlawhchham ngei ngei ang
sadness,tinge ka hmel ka hmuh theih miahloh le
neutral, tire ka thlak mek
neutral, ka inbual dawn
neutral,tui ka lo in
fear, tinge ka va hah ve
neutral, ka rawn bia ang che
neutral, hna ka thawk a ka hman lo alawm
neutral,kan in hmu leh dawn nia
fear, chawlh kan neilo ang a
joy, kan inbe leh thei a ka van lawm tak
neutral, kan in kan sa tha lawk a nge	
neutral,ka nei alawm
sadness, kan va ngai dawn che em vele aw
fear,ka va rawl em em ve .tinge le aw
sadness,kan ramchhung ah a awm ve lo
sadness,ka lei chak teh reng nen pawisa neihloh chu a
sadness,ka lunggaihna
sadness,mi zawng zawng an thi vek ... a va pawi ve le aw
neutral, inah ka awm mai mai
fear,	a duh zawng ani em ang chu maw
sadness,lotion ka nei tawh lo alawm le
fear,kan naute chu an hritlang ani ngei ngei ang
joy, ka hmu leh thei che u chu ka van lawm
neutral, ka lo pe ang che
fear,misual an tawng ang tih hi a hlauhawm thin
neutral, an in kalh
neutral, sawi rawh le
fear,  ka zawhte in min seh alawm le
neutral,kan va in hmu khat ve
neutral,chu pawh ani chuanglo
joy, ka chhun chawlhna ngainat ber ani hi a tui ania
fear, an innei thei em ang chu maw
fear, a bo an ti ania
sadness,avan pawi tak exam kan neih lai ania
neutral, naktuk ah ka rawn kal ang
sadness,in kal tur hi ka van ui tak che u em
fear, rial a tla em loang chu maw
sadness, keini chu kan muang lutuk
fear, naktuk ka van ti peih lo tak
anger, tinge avan han chhe tak em he thil hi
fear,min be nagi lo lutuk a ka hlauthawng hman alawm
fear, ka uite hmuh kha ka va ngaihven tak
fear,zannin chu ka mu ve thei tawh em ang chu maw
neutral,enge i an
anger, he thil chhiat zia hi chu aw
fear, tuman strawberry an nei lo
neutral,kan mu tawh ange
joy, ka van hmangaih tak
sadness, mut theihloh hi a van pawi tak
sadness, naktuk hnatawh tur chu ka van peihlo tak em
sadness, thiante pawh infiam pui theihloh chu avan pawi tak em
neutral, pu te u
anger, ka van haw tak em ka hna hi
fear, ka phone ka thlauh alawm le
anger, tinge kan chhak loh a
neutral,tak tak ni ang maw
sadness, ka awm ava nuam lo tak
fear, tinge an va tlai ve
anger, ngati maw
sadness, ka rawn kal chak nen aw ava pawi tak
anger,tinge thil chhia min pek
fear, ui rannung a rawn lut
sadness,tinge min bum le aw
fear, i va khuh nasa ve i tha em
neutral, e he
sadness, ka chau
neutral, kan kal tawh ange
neutral, mangtha u
neutral, ruah a sur
sadness, ka rawn kal hman lo a avan pawi tak
neutral, khatah khan aw
neutral, zawhte ka nei lo
sadness, dawmloh hi ava ninawm tak
neutral, vawin chu ava ho ve
anger, tinge ava tlem ve
joy, ka lawm lutuk e
fear, a thi ta
anger, min chhang vat ta che
sadness, tinge an bo vek le aw
joy, ka va zin chhak tawh tak em
neutral, ka haw chiah
fear, an la in hawng em ang chu maw
neutral, ka thleng chiah e
joy, a van tui tak em
sadness,a awm a nuam lo ka mu dawn
neutral, votre ka tlak dawn
neutral, hnathawkte chiah aw
sadness,ka inthlahrung
sadness, ka awm a nuam thei lo
neutral, vawi riat
neutral,naktuk ah kan in hmu dawn nia
fear, ti nge i va damthat loh hmel ve
neutral,anih leh phawt
anger, mi mawl pa
neutral, aw
fear, ka van thiamlo tak
neutral, chhun ah ka mu mai ang
fear, engmah ka thil lo ania
neutral, darkar ruk vel kan mu ange
joy, hna ka thawk ve thei ta
sadness, ka va pawi e aw
neutral, ava hma ve
sadness, ka hna thawh tawp ni ani ta ka va lungngai tak	
joy,ka hmu leh theih hun che u chuka van han nghakhlel tawh tak 
fear, ka lu a rawn na vak mai
fear, ka rawn na vak mai
fear, ka hlawhchham ka va hlau e
fear, ka hlauh ang ngei in
neutral, ka thiante an nih hi
fear, ka hmel ka hmu thei miah lo ania
fear, tar ka hlau
fear, nangmah chiah ani em loang chu maw
anger, hna zo tawh amaw tih laia thil dang a rawn thleng hi chu ava nin awm tak
fear, ti tawh su aw
fear, a pasal chu a rawn haw leh thei em ang chu maw
sadness, ka uite ka ngai
anger, ka hua che u
joy, ava nuam hmel ve
sadness, ka duhzawng pawh ka nei thei lo
fear, a len hunah min kalsan angem le
sadness, kan ran vulh a thi deih alawm
neutral, ni a eng
fear, perek ka rap palh ka hlau
sadness, nun intlak thei ila
sadness, tinge i lungngaih a
sadness, damdawi ka ei a ngai dawn
sadness, ka trap nasa rap mai
neutral, min lo zawt rawh
neutral, ka lo zawt lawk chd
fear, hlauhna
neutral, ka thawn chhuak e
joy, ka hmu leh thei che hi chu ka lawm
neutral, mangtha muttui
neutral, tv ka en
joy, i kawr chu avan mawi tak em
sadness, ka pi ka van ngai
fear, tinge ka chhet theih miah loh a
sadness, hna pawh ka thawk peih lo
sadness, phone leina tur pawisa pawh ka nei tawh lo
fear, mi nen kan insu alawm
fear, an hmu tawh em le aw
anger, ava bengchheng ve
anger, mi mawl pa leh
sadness, ka rin ai deihin a ho
anger, ka thinrim
sadness, ka thil neih a tha tawk lo
fear, ka thil neih hi ala tha em ang chu maw
fear, ka thiante ka chhan duh lo
anger, i va tenawm ve le
fear, thil avan to tak
anger, tinge ava to ve
fear, hna ka va mamawh tak
sadness, ka lo awm velo chu avan pawi
fear, ka hmu leh em ang chu maw
sadness, ka hnathawh pui pa a awm tawk lo
anger, mut theih loh chu ka van ning tak
sadness, thian pawh ka neilo
neutral,lo kal rawh
anger, chawlh laia hna in pek chu
neutral, darkar khat vel min lo ngak
neutral,hetah ka la awm
anger, tinge a thawh theih miah loh
joy,infiamna chu avan nuam tak
fear, nizan ah thil a puak thut alawm
anger, motor ho hi ka van haw tak
sadness, ava han ho tak
sadness, ava pawi em em ve le
joy, ka room chu van nalh tak
anger, ka hnek ang che
neutral, dawrah ka kal
neutral, engmah
anger, ka va ning ve
neutral, kei ve hi
anger, insual ila
fear, kawngkhar i in hawng huau mai
anger, thinrim
neutral, ka ril a tam
fear, thih ka van hlau tak
sadness, ka khel thei tawh rih lo  avan pawi
fear, engtin nge ka tih dawn ka pawisa a bo vek
sadness, ka van ui tak em
fear, ka lu a nat ka hlau
fear, khawnge ka awm a
neutral, sikul ka kal dawn
neutral, ppt ka siam mek
joy,ka pass
joy, an va zai mawi tak
neutral,leng ila
sadness,ka lung a leng em mai
fear, kawng ka bo ania
anger, mi mawl pa leh
fear, ka pass em ang chu maw
neutral, film ka en mai mai
neutral,ala tran lo
sadness, hun kal tawhah ka va let chhak tak em
anger, update ve chu eng mah pawh an siamthat loh chu le
fear, khi tlai khi a hrang in ka hria
sadness, khawi tlaiah pawh kal ila natna chu a awm reng
joy, exer lak hi a nuam ania
fear, ka van han hrethiam lo ka hlauthawng tawp
neutral, thurawn ka pe ang che
fear, ka hna tran ni  ka va huphurh ve
joy, karleh ah mela ah kan kal dawn
neutral, guitar i perh thiam em
fear, ka thil an ruk bo deuh ka hlau
neutral,kan thlir mai mai ange
sadness,hmeicche hmeltha deuh min bia amaw tih laiin mi a hai lek alo nia
anger, thunge ka in lut
anger, an flim thar chu ka haw reuh tak
neutral, darkar riat a liam ta
fear, ruah sur laia motor khalh hi chu ka trih
anger, eng thil nge ka inah ilo tih ve ringawt a
fear, ka lang sar viau em le
fear, ka kal duh lo ka hlau
anger, tinge raipuar chungin mei i zuk a i va mawl ve
anger, dawt min hrilh tawh su
neutral, ka mawza hi a dum ania
neutral, motor ka khalh haw mek
fear, lei zawh tur chu leh  a him a maw
sadness, min puitutur ka va mamawh tak
anger, tinge a load theih miah loh a
sadness, mangtha pawh min hrilh hman lo
sadness, ka nu a damlo a
neutral, ka rawn thleng trep
anger,game tha pawh siam an tum lo a nia  tenawm hlawm lutuk mai
neutral, office ah ka awm mek
fear, a him tih i chiang a maw ka hlau ania
sadness, ni hnih ngawt mai kan in hmu tawh lo
sadness, ka ngai lutuk che u a nia dam takin le
sadness, kum chu a kal liam leh ta mai chu ania
sadness, ka thiante nena leng theih loh chu a va hreawm ve
neutral, ka haw chiah
fear, twitter an hack leh tawh ania
sadness, jean ka size a awm lo
neutral,binder ah kan dah ange
anger, hmelchhe pa
neutral,inkhel ila
fear, kal lo hram rawh  ka ngai lutuk ang che
joy, kan insawn dawn a ka phur tawp
neutral, zingah kan in hmu leh dawn nia
neutral, kan tel ve ange
sadness, mi kuah tur ka duh
neutral, ka ti ti mai mai ka chhak
sadness, thil engmah a pangai thei tawp lo
fear, naktuk ah ka thawh hma ngei ngei a ngai ania aw
joy, lawm ang u
fear, engtin nge mi ka message dawn ka hrethiam lo ania
neutral, news ka chhiar
fear, ka sam i chhep kheng ange aw
sadness, sikul ah ka va let peih lo tak
neutral, zing dar sarih ah ka tho ang
anger, tinge rannung in sawisak a
fear, ka tawhthlu a engmah a tliah loh ka beisei
sadness, ka thianten an thil an ti bo ania
anger, kha nu min rap tu mawl zia kha aw ka va ngei tak
neutral, thil ka zuar dawn
sadness, game ka va khel chak
neutral, keipawh le
neutral, aizawl ava ang ve
neutral, ka pate in chaw kan ei dawn
joy, hmeichhe hmeltha tak ka tawng alawm le
anger, hmela chu min hriatloh der chu le
neutral, ei rawng ka bawl mek
neutral, chaw ei ang u
joy, a tawp a tawpah ruah chu a sur bang ve ta	e
sadness, ka ha a na
anger, he film hi ka hua
anger, maths hi ava han ninawm tak em
neutral, ka inline mek
fear, naktuk chu hna dil ah ka ting em ang chu maw
fear, haw vat rawh a tlai tawh ania
fear, min lo hruai ka awmna lai hi ka hreo ania
fear, kan chesual a lawm	
sadness, an hmu leh thei em ang chu maw
neutral, kan inah lo riak la
sadness, ka thil neih ka chhan zung zung mai a
sadness, ka ranvulh a thi
fear, ka hmu leh tawh loang tih ka hlau	
sadness, ka thlalak hlui te ka ti bo deih
sadness, ka ui hi la duh awm hram se aw	
sadness, ka haw hman dawn o anih hi avan pawi
fear, pute tan ilo tawngtai ang u
neutral, ka phone ka update ange
sadness, naa dawr an in khar hman
sadness, zaiin chu a va reh ve
anger,  ka thinrim
fear, ti nge min chhang duh miah loa ka ngaihtuah che ania
fear, ka haw hmanin a tawp hman ang tih ka hlau
sadness, ka zin tumna pawh ka thrulh angai
fear, engtin nge nian ka hmai a puam vak ania
fear, tu man an hmu hman loa a pawi tawp
fear, a va zia o e aw ka rawn ka vat ang
neutral, bial
neutral,engmah pawh tih tur ka nei lo
neutral, ka harh chiah e
sadness, pawisa pawh ka nei tawhlo
sadness, ka awm a va nuam o khawp mai
anger, tinge hna pahnih ka tih bik a min pui ve teh u
fear, thawhna ah ka chuang ngam lo
fear, ka rawn kal ang lo hlau reng reng suh
neutral, an zai tran trep tawh e
fear, i na em
anger, tunge tui ti baw vak a
sadness, naktuk ah ka in entir a ngai dawn
neutral, kan thu hahchawl ange
joy, trawng thar zir hi a tha ania
fear, lir nghing a nia
neutral, ka rawn la ang
fear, ka naute an chesual ania
fear, engtin nge niang ka naktuk ah ka rawn ka hman loang ka rawl riau mai
neutral, chaw kan chhum ange
neutral, ke in kan rawn kal dawn ania
fear, ti nge ka lu anat thut thut le
sadness, an inthren ta mai chu ani sia
fear, ka research paper chu ka thehut hman em ang chu maw
fear, nau chu an chhiat loh hlau i beisei ang u
sadness, ka va mu chak tak em
anger, ngati nge ruah sur apiangin karen a awmloh chu le
fear, ka zawhte a bo
sadness, ui ka hmai a bawl nasa tawp
anger, kan nghah rei nen nen zai pawh an zai loh chu le
fear, ka nu chungchang ka hre ve chiah		
sadness, ka duh lo e a
sadness, ka rilru a nuam lo
sadness, damloh hi chu a va hrehawm tak
neutral, dar khat velah ka hman chauh ang
neutral, hna thar ka tran dawn
fear, trawng pawh ka trawng ngam lo
sadness, ka pum a na
fear, ka thiante an bo deih
neutral, lehkha kan chhiar ange
joy, i thlalak kha ka hmu chiah a ava nuam hmel ve
sadness, ka ril a tram tawp
sadness, car ah ka chesual a damdawi inah ka awm mek
fear, seat ka la chang em ang chu maw
neutral, chibai vek ule
anger, thiante an party laia lehkha zir ngaih chu ava ninawm tak
joy, ka zai chak tawp
sadness, link hi a thawk lo ania
neutral, mahni in ka awm a engmah pawh ka hre ve lo
fear, oi ka phone battery a zo deih
fear, ka thi dawnin ka hria
fear, tanin ah ka awm nimai hian ka hria
neutral, hmangaih neih a tha ania
anger, tinge chaw pawh i chhum sual a
fear, kawvel hi a tawp thut ang tih ka hlau
sadness, pawi hle mai	
joy,hla thar kan ngaithla mai mai teh ang
sadness, ka ha a puam
joy, i hla chu ka duh tawp
neutral, sikul i kal ang u le
sadness, ka computer a chhe deih a
neutral,i haw chiah alaw
fear, mi an ban thut thut mai a
fear, thil thalo a thleng ang tih ka hlau a  rei tawh ropui mai sia
fear, ka ui a bo ania
anger, i va han zaithiam lo tak
fear, ka ha a dam hman angem le aw
joy, ka hna ka zo ta	
fear, hla nalh deuh in hria em  ka zai angai a ka zai thiam miahloa ania
joy, nipui lai hi chu avan nuam tak
neutral, hna kan thawk a nge
sadness, hmun dangah ka van awm chak tak
anger, ka phone battery a hmang zo ve alawm hmela chuh
sadness, ka chau tawp
fear, ka phone a incharge duh miah lo ania
fear, min rawn phone hramse aw ka ngaihtuah tawp
fear, tih tur ka ngah ropui si engtin nge ka tih dawn	
sadness, ka tihpalh lutuk aw
sadness, lengchuah dawn lai takin ruah an sur chuh
sadness, hna hmuh avan har ve
joy, hna thar ka hmu ve ta
sadness, tinge i rawn kal ve loh a
fear, ka hlau a nia a thikthu a chhe ropui sia
joy, chaw tui tak ka ei dawn
neutral, ti khan lo kal tawp rawh
fear, pawisa tam tawk ka mamawh ka buai tawp
sadness, i room a awm hi a nuam lo
fear, ka hlau lutuk a ka mu theilo
neutral, pawisa chu tlem azawng ka nei
sadness, ka theihnghilh deih alawm le a van pawi tak
sadness, he khawvel hrehawm zia hi
anger, khawvel hi ka hua
neutral, khawvel hi a bial
sadness, min duhlo
fear, khawvel hi tawp ang tih ka hlau
neutral, ka lu ka su
sadness, a pawi khawp mai
neutral, ka lu a nih hi
fear, ka pum ana lutuk ka hlau
joy, nizan ka va mutui ve
joy, i va zai thiam tak
fear, hna tam si hun tlem si
sadness, ka zai thei tawh lo 
sadness, pawi tak tak a ni
sadness, vawin nuam loh zia hi
joy, hna thawh hi a nuam tawp
anger, hna hi  ka haw ngawih ngawih
fear, ka chaw a kang ania engtin nge ka tih dawn
sadness, engmah pawh ka sawi peih lo 
fear, chaw ka chhum thiamlo ania
neutral, chaw ka ei mek
anger, chaw chhum pawh thiam lo mawl lutuk
fear, a va den em em ve
neutral, chaw i va chhum nasa em em ve
neutral, zai ang
fear, tu emaw khan min chhan teh u
joy, i va zai thiam em em ve
anger, i va mawl em em ve
fear, ka va thi nasa ve tinge a
fear, thihna
sadness, zai pawh ka zai peih lo
fear, trek chu a van tla nasa ve
sadness, trek in a deng a a thihphah alawm
joy, chaw ei avan tui
anger, trek chu ka va ning e aw
neutral, trek a tla
sadness, ka lung a ngai
sadness, mut ka chhak mahse ka theilo
neutral, mu ru
sadness, ka pu ka ngai
sadness, ngai ngawih ngawih
fear, ka pu a bo deih ania 
joy, ka naute piancham kan lawm
sadness, hna thawh a ngai a ka hman lo
sadness, ka lungngaih laiin thil ka ei thin
fear, hlauhna
sadness, ka ngai
fear, a hrang a nia aw
fear, ka hnar a rawn thi thut a ka hlauthawng deuh
fear, min chhang hram se aw min chhang duhlo ang tih ka hlau
neutral, min lo zui lawk mai
sadness, lungngaihna bak ka neilo
fear, ka lamthim lo ropui sia ka in ti zak ang tih ka hlau
fear, ka thawmhnaw ka tibo a min pui teh u
fear, min pui hram teh u
fear, puihna ka hmu zo lo
anger, ka thinrim khawp mai
fear, min be duh miahlo ka hlau
anger, mawla
sadness, ka thiamlo lutuk a ka lung a ngai tawp
neutral, lo leng rawh
neutral, leng deih ang
joy, ka lawm em em e
neutral, kha lem
sadness, kan thlahliam a ngai ta
anger, tenawm ve
neutral, kan mu tawh mai a nge
fear, miinn in min zui ania ka hlau
fear, enge ka tih tur ka theihnghilh deih ania
sadness, inchhir lutuk
sadness, ka inchhir tawp
neutral, ka hria e
sadness, ka khua a sik
fear, na chhawkna ei mai ka duh ka lu na hi a nasa lutuk
neutral, khawnge lehkha i zir
sadness, hun hi kal vat vat se ka ning
anger, kha hmun kha ka hua
sadness, ka hnung a na ka in entir dawn
neutral, hna kan thawk leh tawh ange
joy, ka hmaghaih lutuk che
neutral, ka hmu ngai miahlo
neutral, naktuk ah aw
fear, hna thawh ngei ngei ka ngai ania aw
neutral, ka zawt hman lo ania
neutral, ka vawi khat hmuhna
fear, ka pan in hruai hram se
fear, min lo hruai teh u
sadness, ka ngai ngawih ngawih che u
neutral, kan mu phawt ange
joy, ka fannu piancham kan lawm dawn
sadness, i be leh vat ang aw ka ngai lutuk che
neutral, ka mu
fear, tu emaw khan lo chhan te u
fear, ka taksa zawng zawng ana vek thil ka pawi a theng ka hlau
sadness, min kalsan lo hram hram teh
joy, ka haw thei hi ka lawm tawp
joy, lawm e
neutral, enge ni le
anger, ka ning khawp mai
fear, a chhiatloh beisei ang
fear, a  beisei bo khawp mai
sadness, ava pawi tak e aw
joy, hlim e
sadness, ngai che
sadness, ka ngai ngawih ngawih a hlim thin nen nen aw
neutral, karen a awm ta
neutral, ka chau lutuk
sadness, ngaihna
neutral, hahchawl ang
sadness, tawpna
neutral, khawnge i awm
sadness, a tawp ta
sadness, ka awm a nuamlo
neutral,a thuk khawp mai
joy, a va mawi ve
joy, mawi hle mai
neutral, inah ka mu 
fear, fail lo hram ila
fear, lo haw hram rawh aw
neutral, ka tleng chiah e
sadness, a va pawi thin tak em
neutral, tih tur ka nei tawhlo
sadness, ka ngai tawh che
anger,ka hua tak zet che u
anger, ka unaunu hi ka hua
anger, ka hna hi ka ning kawp mai
neutral, karleh ah aw
fear,lo ha ila a tha tur ania a pawi khawp mai
sadness, ka rilru  a hah
neutral, unau ka nei
fear, k mit a del ang tih ka hlu 
anger, ka ning ngawih ngawih
neutral, tarmit ka vuah
joy, vawin chu a nuam khawp mai
fear, rukru ka hlau
sadness, ka nghakhlel tawp che u
sadness, tinnge ka tih dawn ka computer a thi
sadness, ka bepawp  thei miahlo ka hlauthawng ania
fear, ka hlau ngawih ngawih
fear, kan chhak loh a va hlauhawm ve
fear, hmehriatloh lakah fimkhur rawh a a hlauhawm ania
neutral,vote ka thlak
fear, kawr hak tur ka neilo min pui teh u
fear, ka tichhe palh a min hrem ang tih ka hlau
neutral, vote i thlak ang u
sadness, a van hrehawm tak
sadness, a hrehawm khawp mai
sadness, ka rilru hi a hrehawm
neutral, chaw ei mek
joy, ka pass chhuak ve thei ta  ka van lawm
sadness, hrehawm e ka tho peihlo
fear, min tel ve loang tih ka hlau
fear,sikul kal ka va hlau tak em
sadness, ka thlai an thi vek
sadness, ka va kal hreh ve
fear, kar leh exam ka van hlauthawng tak em
neutral, tunkar a zo ta
fear, ka thiamlo si min  pui tu tur ka mamawh
sadness, ka ngaih tawh khawp mai
joy, ka kal a ngai lo van lawm tak
fear, an damlo ang tih k van hlau
fear, ka message a hmu loang tih ka hlau khawp mai
neutral, kan mu hma ange
sadness, ka phone ka hmang theiloa ka hrehawm khawp mai
joy, fiamthu hian min ti hlim veng veng zel
neutral, hun a in tlak ve zel e
anger, min hua ami a
anger, class hi ka haw ngawih ngawih
neutral, flim ka en dawn
sadness, ka tlawh hmanloa ka nuam lo
fear, buaina ka nei ania min pui ru
sadness, ka kal hman lo a van pawi tak em
anger, ka sam a tichhe ve alawm mawla chu
neutral, ka haw dawn chiah e
sadness,ka chau lutuk a hrehawm
sadness,internet a chhia a ninawm e
sadness, engmah pawh ka ei theilo a hreawm khawp mai
sadness, ninawm e karen a awm lo
sadness, a pawi thin ve le aw
fear,kan intlan siak dawn a ka tawlh tlu ang tih ka hlau
sadness,na ka lun an phallo a ninawm e
fear, ka hlauthawng lutuk a ka mu theilo
fear, swine flu vangin i thi ange ka hlau ania
anger, ka lawmlo ania aw
neutral, i va ho tak
neutral, concert ah ka kal dawn
sadness, k rilru a van hah tak
neutral, ka zin dawn 
neutral, thil  ka in
fear,chhiah hi ka hrethiamlo ka tisual ang tih ka hlau ania
joy, ka hmagaih tawp che
fear, tui ka neiloa ka hlauthawng deuh
neutral,ka hnar a za
neutral, nizanah news ka chhiar	
joy, ka lawm em em e
joy, avan han nuam tak em
fear, ruah chu an rawn sur thut maiah a hlauhawm
neutral, mu mai ang aw
neutral, vaccine kan la
fear, ka tleng hman lo ange aw a ka hlau ania
joy, a nuam e ka pass a
sadness, ka chau ngawih ngawih mai
joy, ka hmu leh thei che chu ka van lawm
fear, ka faten chaw an ei theiloa ka hlauthawng deuh
fear, hlauhthawng awm ve
sadness, ka add theilo che a ninawm tawp
anger, mi mawl ho chu ka thil an ru bo deih
fear, thlahrang film ka en a ka hlau raps mai
sadness, hna ah let a ngai a ninawm e
fear, ka awm a nuam lo puih ka ngai maithei ania
sadness, film chu min ti trap alawm
neutral, kum engzat nge i nih 
fear, ka thil ka tihbo ka hlau ania aw
sadness, ka hrethiam theilo
fear, ka nun dan hi ka hlau
fear, ka dawih teh mai ania aw
sadness, ka trah a chhuaka ka trap zawih zawih mai
joy, ka lawm tawp
fear, ka ngaihtuah teh mai che u ania aw
neutral, ho mai mai ka mu dawn
joy, kan chhak
neutral, a ho
joy, min lawmpui na zawng zawngah ka lawm e
neutral, tui ka hleuh thiamlo
sadness, ka rawn kal hman lo tur hi ka rilru a ti hah
sadness, thiante ka va ngai ve
neutral, class kal ang hmiang
sadness, hla chu ka trah a ti chhuak
sadness, ka trah a chhuak ngawih ngawih
joy, nimin kha a van han nuam em em ve ka hlim tawp
neutral, awle
joy, tui hi ka hmangaih tawp
neutral, a ho lutuk a tha e
fear, an rawn chhe thut mai ka hlau ania
sadness, mahni a mut hi chu a hrehawm
neutral, tinge a
sadness, phone thar ka mamawh
fear, ka phone a chhe thut mai
sadness, ka hmu leh theilo tur che hi ka hrehawm tawp
sadness, a damlo a a nuamlo ngawt ang
fear, ka hna ka zo hmanloang tih ka hlau ka damlo rei lutuk a
fear, ka ti nasa tak ang ti ka hlau
sadness, ka damlo a ka nuamlo tawp
fear, chaw ka ei loa ka chau ang tih ka hlau 
joy, karen a rawn awm ta
neutral, ta 
fear, ka kalsan che u  ngai dawn ka chesual ang tih ka hlau
sadness, ka trap zawih zawih alawm
joy, kan in hmuh hun chu a nuam ngawt ang
sadness, ka ngaituah lutuk che aw
fear, a bo ania a
fear, a bo deih maiah a hlauhthawn awm
neutral,tho ve thei chiah e
joy, he thil hi a tui tawp ka duh lutuk
fear, i bo deih a min ti hlauthawng alawm
sadness, ava nat hmel ve a
neutral, hna ka nie alawm
joy, lehkha zir hi chu a nuam tawp
neutral, mangtha mai u aw
sadness, tunah lo ka nuamlo lutuk
fear, a bo rei ve thil thalo a thleng a nge aw
fear, min kalsan suh aw
neutral, thawh veleh sikul kal ang aw
sadness, a nat hmel e a hrehawm
fear, min kalsan vek a ka hlau a lawm
fear, natna vangin min kalsan ang tih ka hlau
neutral, thil han zawt teh
joy, ka piancham kan lawm a a nuam lutuk
anger, ka pa vangin ka thawh hma angaih phah ka ngei lutuk
joy, miin min hruai dawn a nuam raps mai
sadness, ka hlawhchham der mai a
sadness, pum nat hi a hrehawm
sadness, ka ranvulh a dawmlo a
joy, ka thiante ka hmu leh theih hlauh hi chu ka lawm
fear, enge ka tihtur pawh ka hrethiamlo ka hlau ania
neutral, ka rawn thleng trep e
joy, kan duh te nena awm dun baka tha a awmlo
neutral, ka lo kal ang e aw
neutral, inah ka awm aw
sadness, tih theih nei ila ka va ti tak em
sadness, kan reiah hna thawh hi ka ning ngawih ngawih
neutral,in tho tawh em
sadness, thilo hram rawh ka tuar theilo ani aw
joy, a va lawmawm thin em
fear, mi zawng zawng in min kal bo san vek
fear, dam leh vat vat rawh aw
anger, enkim ka hua
fear, vawin khua chu a va huatthlak awm ve
fear, 	ka duhlet ania aw i ti bo a nge
sadness, tumah an awmlo hi chu a pawi khawp mai
neutral, kan inah ka awm lo
neutral, thla ka la thei miah lo
fear, ka mang chu thlahrang hlir ka hmu alawm le
joy, min puitute zawng zawngte
fear, a hlau ngawih ngawih min kalsan leh ang
neutral, kan inah piancham kan hmang ange aw
sadness, ka rilru a na  ngawih ngawih
neutral, ka hmu hmanlo a
joy, ka va nghakhlel tak em a nuam ngawt ang
sadness, ka ning ngawih ngawih vawin hi a ninawm 
sadness, ka thiannu a thi a
fear, tap chuan i kal loang u nagih a thalo
fear, 	tuman min ngaihsak loang tih te hi ka hlau ania	
joy, ka van duh tak che em
neutral, ka zo ta
sadness, ka diklo riau mai a
sadness, naktuk chu ka peihlo khawp mai ka diklo deuh a
neutral, a zo chiah e
fear, thlahrang a awm an ti ania aw
fear, thlahrang a rawn kal dawn
joy, kan dam tha a alawm
joy, mi han tihlim phawt mai ila
joy, ka nuih i ti za lutuk
joy, i va han nui nasa ve
joy, a van nuihzat thlak tak
joy, fiamthu i va han thawh thiam tak
joy, hlimna neih a ngai
joy, hlim veng veng mai a
joy, lawmman ka dawng
joy, pakhatna ka ni yeas
joy, nui vak mai rawh
joy, piancham i lawm ang u
joy, kan innei dawn
joy, inneihni a ni ta avan nuam
joy, ka nuam veng veng mai
joy, ka hmangaih ber nen kan innei dawn
joy, kan leng dawn 
joy, i rawn kal hi chuan a hlim veng veng zel ania
joy, tha taka pass bak baka nuam a awm lo
joy, i nula awm tluka nuam a awm a mawn le
joy, in in chu ava han nuam ve
joy, in lakah lawmthu ka sawi e
joy, min lawmpui avangin kan lawm e
joy, min rawn lawm pui ngei ngei ru
joy, i rawn kal hi chuan a dik vek mai thin
joy, lawmman ka dawng a
joy, pawisa min rawn pe hlawl mai
joy, christmas kan thleng leh ta
joy, ava ropui ve le
joy, thiamthil te han hrilh hi chu a nuam ania
joy, i va han tui em em vele
joy, hei tluka tui hi a awm dawn ami
joy, ropui hum hum hle mai a
joy, a va bawn turu em em ve
joy, i damtha tawh hi chu a lawmawm
joy, kan naui hmelthat zia hi aw
joy, he in chu a pui riap riap khawp mai
joy, thil thar ka dawng
joy, ka duh tak min rawn lei a
joy, ka duh apiang min lei 
joy, pawisa neih hi chu anuam ania
joy, hlim deuhin khawvel hi kan thlir veng veng teh ang
joy, thil min rawn hawn dawn bik bik
joy, ka nei bik bik
joy, i va nei tha ve
joy, ka duh tawps
joy, kha chu a nalh hle mai
joy, ruai kan threh ho ang chu
joy, ruaithrehni hi chu a nuam ania
joy, a tui lutuk ka ei zo thei loang
joy, pangpar chu ava mawi ve
joy, hei tluka thil mawi hi a awm dawn ami
joy, mawina
joy, ka tidik treuh mai 
joy,  ka van vannei tak
joy, ka vanei leh hlauh mai a
joy, vawiin chu ka va vannei e
joy, lehkha i va thiam turu ve
joy, ava lum nuam tak
joy, khua chu alum nuam tawp
joy, kan infiam dawn
joy, an infiam 
joy, khitah an in kawm ho kha
joy, zai nalh vele
joy, min ti ralmuang
joy, kutpui kan nei dawn 
joy, thil lawm tur kan nei bikah
joy, i pass kan lawm ang chu le
joy, i hlawhtling tawh khawp mai a
joy,nia ka hlawhtling ve hlauh mai
joy,fa ka nei ve trep tawh ania
joy,pa ka ni ve trep tawh ania
joy,nu ka ni ve trep tawh aw
joy,kan hnathawha hlawhtling bak baka pawimawh a awm ami le
joy,hna tha deuh ka nei alawm
joy,tha deuh khan kal mai mai teh
joy,min fiam bik ziah maiah
joy,ngaihzawng ka nei a
joy,ka ngaizawng che a
joy,ngawihzawng nen kan in hmu dawn
joy,ka nui nasa lutuk
joy,ka nui char char mai a
joy,fiamthu thawh thiam tawp
joy,ka hlim lutuk
joy,kan hlim alawm hei 
joy,ka hmangaih tawp che
joy,khawvel ka hmangaih che
joy,i bula kal mai mai hi avan nuam
joy,i bulah hi chun hun pawh hi a rei lo tawp
joy,i bulah awm tluka nuam a awm dawn a mi
joy,ka thiam hlir a rawn chhuak 
joy,ka nunah i pawimawh ber
joy,rei deuh hnua inhmuh leh chu avan han nuam tak
joy,kan inhmu leh thei chu a lawmawm tawp
joy,kutpui lawm ang u
joy,kut ah kan lam ang chu
joy,a va awl tak
joy,a awl pawlh leh anuam tin ani mai
joy,kan lam dual dual ang chu
joy,khi an lam thrup thrup mai alawm
joy,i van han lamthiam tak
joy,min zirtir dawn a 
joy,kan zirtirtu a tha lutuk ringawt
joy,he lehkhabu tluka chhiar nuam a awm loang
joy,exam kan zo ta
anger, i thinchhe lutuk 
anger, thinchhe pa 
anger, i va thinchhe tak 
anger, i va han chho em em ve
anger, ka thinrim zia hi i hrethiamlo
anger,ka thil hi vawi khat mah lo khawih tawh suh
anger,i va pawr ve
anger,insual ila a nia mai lawm
anger,kan sawisa dawn che
anger,a thinrim nasa sia
anger,min tih dan hi ka lawm lo
anger,thinthawk thut ka ching
anger,i va tum nasa ve
anger,a tum hmuk mai a
anger,nang zet chu i va tenawm e
anger,i ninawm tawh khawp mai
anger,trawng vak suh ka sawisa ang che
anger,ka beng ang che
anger,ka beng dawn khawp mai
anger,a thinrim laiin min sawisa 
anger,ka nu a thinrim lutuk
anger,ka chhungte an thinrim tawp
anger,ka pan min vin hrep dawn
anger,i va vin hler hlur ve
anger,vin vak vak suh a mawi lo
anger,ka thehdarh vek mai tur che a nia
anger,i chhak lo khawp ang
anger,ka nun min vin nasa lutuk
anger,khawlaiah an vin vak vak ngai lo a zahthlak
anger,insum hramhram teh
anger,thinrim loin insum hram teh u
anger,min cho a mi
anger,cho e
anger,thinchhe ve
anger,min beng lo chauh alawm a thinrim lutuk
anger,ka be peihlo che i thinchhe em mai
anger,thinchhe si a inawm
anger,ka ang leh tun tun tawp
anger,ang reng mai
anger,min angkhum reng maiah
anger,ka duhleh ka ang ang
anger,i sawi tur a awm lo zawnga
anger,zawnga i va zaktheilo ve
anger,thinrim laiin kut mit thlak
anger,a thinrim lutuk lo haw suh
anger,thin thawk thut thut ania
anger,i tih thinrim duhloh chuan engmah sawi suh
anger,an thinrim an insual alawm le
anger,engmaw ilo sawi ve zet zawt a
anger,ngawi hmak rawh ka thinrim hmain
anger,ka hlap dawn che
anger,intihbuai an ching a
anger,an intibuai a 
anger,ka lawmlo kawp mai min tih dan hi
anger,kan lungawilo teh mai ania aw
anger,i va lungawi loh hmel ve
anger,i lungawi loh leh lo kal lo tawp la ani mai alawm
anger,ka hmuh hun hunah a chhak loang
anger,i va chhaklo dawn tak em.
fear, hlauhna hi chu kan rilru ngaituahna vakvel atranga lo chhuak a ni
sadness,tumah min rawn call tur pawh ka nei lo
joy,mahni inhriatchiang hi hlim nan a pawimawh ani
joy,he lehkhabu ka chhiar hi chuan ka hlim veng veng zel
fear,mahni in pawnah pawh hei ka chhuak ngam lo
fear,naktuk thil lo thlengtur hi chu hlau loang u
joy, kha naupang hlim zia kha chu aw
fear, sakeibaknei hahum ri kan hriat chuan ka thin a phu dut dut mai alawm
joy, mahni duh duh danin a ziah theih hlauh mai
fear,lawmman ka dawng dawnlo amaw ka ti hman alawm le
anger,he zawhna har zia hi chua aw
fear,ka bialpan min sawisak hnu kha chuan ka khur zawih zawih alawm le
joy,christmas lawm nan bati kha han chhembelh teuh u khai
sadness, mi ka fiam dan hi internet ah tuman an hrethiam lo anih hi
sadness, thian hluite han hmuh hi chuan hmanlai min ti ngai ngawi ngawih alawm le
anger, kan chhanna a inang reng sia mark min pek tlem bik chu le 
fear, chukchu ni lo hlauh se ka van ti tak
fear, inhmel hriatirna neih a ngai dawn anih hi a
fear, ka pi lungphu thalo ka neih tir trep alawm le
sadness,zawhte pawm mai mai tur pawh ka neilo
joy, kan in ang i ti tak tak maw
joy, ka thiannu mo lawmna ah awm mek thil tha deuh ka dawng dawn
sadness, a thian tha tak a chan a lawm le
joy,hun reilote ah basketball kan khel dawn
sadness,nilenga ina awm reng hi ka  va ning tak em
joy,film ka en mek hmuhnawm khawp mai
fear, nau neih ka va hlau ve 
joy,thil zawnhmuh chu i vak chak tawh  awm ve
anger,ka thinrimna hi thil danga thlak dan i hrelo maw
neutral, enge i duh le
anger,ka thianpa nen ka in hnial hrep alawm le
joy, zin a hun taaaa
anger,thil ru duh turah min ngai ami a
fear, eng thil mah kan thlak danglam thei tak tak lo hi chu a va thalo tak em
fear,i hlauhna chu i rilru atranga lo piang mai mai ani
joy,vawiin hi kan inneih piancham vawi li na ania
fear, boruak a rawn nuam lo thut mai a
joy, kan nauten happy birthday hla an sa dawn chiah e
sadness, mahni chiah ha haw tur chu a
anger, kan threnawmte laka kan rilru put hmang chuan min va ti thinrim ve
anger,vawi khat pawh kha thil kha  a sawi leh chuan ka thinrim khawp ang
joy,ka thil dil an approve hlauh chu a ava lawm awm e
joy, kan in hlui han hmuh chuan a nuam khawp mai
fear, a hmu leh loang tih chu a hlau khawp mai
sadness, ka hna hi zawh hman hram i tum ang u khai a rei tawh em mai
fear, nga ti nge i khur zawih zawih reng a
fear, passenger te chu an hlauh hmel khawp mai
anger, tinge engmah a lo in rikawt lo ah
sadness, ka hria e keipawh ka in chhir khawp mai
joy, ka bem laiin aw a tih hlauh mai a a va nuam e
sadness,ruih laiin thil ka lo tweet vak anih hi
fear, ka duh che han tih ngawt chu ava huphurh awm ve
joy, ka thlalak chu tha deuhin a rawn chhuak thei hram e
joy, thiante nen an in fiam anih kha
joy,zanin chu khua a nuam khawp mai
sadness, tinge ka thil neih te an bo vek a
sadness, a pass te zingah ka hming a awm lo
joy, ka unaunu in min rawn tlawh hlawl mai
joy, ka hna atang ka haw ve thei ta
joy,vawiin hi kan in tawn ni ania
fear, khaia min va han su teuh mai mai ve
joy, mumang tha deuh ka nei
fear,ka mitah min en rawh kawngaihin min hlau suh
neutral,  ho ve
neutral, vawi sawmli na
neutral, ka hmu e
joy, christmas a lo hnai leh tawh ve
neutral,aw ka hmu e
joy,ka lehkha ziah chu an publish dawn anih chu
anger,mi mawl te vanga ka fapa a thi chu ka thin a va tirim tak em
sadness, follower pakhat lek neih chua a nuam vak lo
anger, ruah sur chu a va ninawm e  min ti tlai phah dawn
sadness,ka beiseina chu a kehdarh der mai a
joy,aw a va mawi e
joy, doctor hmuh ka va chhak tawh e
sadness, christmas lai pawn enge tih tur ka hrelo
joy, christmas laia thiante nen awm ho hi ava nuam tak
joy, ka hahchawl veng veng teh ang
joy, kan classah ka ti tha ber
anger, ka pawisa tunge la
joy, kan in kawm ho dawn
joy, class zawh hun ka va chak tawh em
neutral, kum 32 ka nia
joy, putara chuan min hmuh chuan a hlim hle
joy, hlim deuhin i awm ho dual dual ang u
joy, kan nu nen kan leng mai mai
fear, a thaw miah loa ania a lungphu kha en dik teh u
fear, mahni chauhin hmelhriatlohte inah ka awm alawm le
joy, hlimna hi i thehdarh dial dail ang u
fear, ka thil chah chu a bo ka va hlau e
sadness, ka pu a boral a
joy, mahni duh duh tih theih hi chu a nuam a nia
sadness, ka nu tlawh thei ila ka van ti tak
joy,i lakah kan lawm lutuk ania aw
joy, vawiin chu thil tha deuh a thleng alawm le
joy, ka nu in kawrlum min phiar sak a
anger,zin laiin min rawn be sek a min  ti thinrim alawm le
fear, tinge he thiang hlira a awm le a va pawi tak em
joy, engtik lai pawn nuh hram hram tum tur ania
sadness, ka bialpa nen kan inthren
neutral, keimah maw	
fear, i va hlauhthawn hmel ve i tha maw
joy, ka van han puar tak em
joy,he flim hi i hmuh ve chak kan ringa kan rawn sawm che anih hi
joy, tb a nilo hlauh mai a va nuam em
fear, ka cancer ang tih ka hlau e
joy,christmas lai tluka nalh hi a awm lo
fear, kha zet chu an va hlau hlawm ve
anger, ka haw veleh min hau a min ti thinrim alawm le
anger, ka threnawmte thluka ngei ka neilo
anger, tinge min chhan duh miah loa 
joy, tukchhuan nuam vek a che u
joy, a tawpah chuan kan in hmu leh thei hram e
anger, thinrim lutuka a trah a chhuak zawk alawm le
sadness, mahni duhloh zawng tih te hi a ngaih chhang a awm a nia
sadness, ka ui a thi
fear, i va han ngeiawm ve le
joy, class kan let ve thei ta
joy, christmas hla ngaithla ang aw
joy, ka thian hlui deuh a rawn leng a kan in bia alawm
fear, thil puan an neih apiangin ka trih ruai ruai thin
sadness, ka in sawi a ngai dawna ka awmna hi ka ngai dan khawp mai
neutral, min lo hrethiam lawk
fear, hlauh lo i tum dawn nia
sadness, ka thlinglo hlauh mai a va pawi e
fear, ka fail ang tih hi ka hlau thin
joy, ride ang u
fear, bus ka nang hmanloang tih ka va hlau ve
joy,tun hun lai vel hi ka duh tawp
anger, ni zan chungchang min zawt suh  zan zawng zawnga ka huat ber ala ni
joy, ka pass ta
sadness, a va pawi thin e
joy, vawiin chu ka hlim ve hlauh chu
joy, zan tui takin ka mu ve hlauh mai
joy, nimin kha i va che nuihzat thlak tak
sadness, tun semister chu ka ti thalo khawp mai
joy, class ka sawn thei hi ka va lawm tak
sadness, concert ticket kan chan velo alawm
joy, engmah tih tur neihloh hi chu a thawven thlak khawp mai
sadness, ka unaunu pi a thi
joy,  a unaunu in mothian a tan min sawm a ka va lawm tak
joy, ka unaupain mopathhian atan min hmang alawm
fear, hmelhriatloh ramah kan awm
joy, hma deuha ka tho ve hlawl mai
sadness, ka film duh ber a tawp deih alawm le
joy, ka zirtirtu chu ka thiannu a lo ni hlauh a alawm awm khawp mai
anger, mahni aiia chaklo zawkte puih an tum lo hi chu an ngeiawm kawpmai
anger, a eitur ah chil chhah ka chak kawp mai
sadness,chak hmel viau mah ila ka rilru a na ve thei ania
joy, chaw ei tui ve
anger, engmah tih dan tur pawh min hrilhloin tirawh min han ti ringawt hi chu a thinrim thlak khawp mai
fear, hmelma te an rawn kal ang tih hi a hlauhthawn awm khawp mai
joy, room tihfai a hun e
joy, ka rawn letleh hun ka nghakhleh khawp mai
fear, mahni chauh awm laia ramhuai thanthu han chhiar hi chu leh
fear, ramhuai flim en hnu hi chuan zanah pawh kan chhuak ngam hauh lo mai a
sadness, thanthu te anga nun thei hi ava chak awm tak em
sadness, nu leh pate inhnial hi chu a va nuamlo tak em
anger, ka pe vek tawh hnuah pawh min man an la tum hram chu le ka va hnek chak em
joy, min la hreve chu ka van lawm
neutral, i ti thei e
joy, ka dam nge damlo kan hriat theih ni chu alo thleng ta e
sadness, mahni duh zawnglote nena an awmdun tur chu ka khawngaih e
joy, hla nalh deuh hi chu rilru a cham veng veng zel
anger,ka mamawh tawhlo hnuah a rawn thleng ve chiah
joy, i piancham kan lawmpui a che
anger, tunge ka chungchang diklo deuha lo thehdarh tu hi
fear, thlawhtheihna ah hlau miah loa chuan ve hi ka chak
joy, an neih laiin lei vat vat ang
joy, haw veleha zawh te han hmuh tluk hi a awm lo
joy, a vawikhatnan ka in hmu ve thei ta
anger,i ninawm duhleh mahni in haw deih rawh
fear, khaia a rukte a thil tih a ngai dawn anih hi a
sadness, engtikah mah ka kalsan thei dawn lo anih hi
fear, ka chhanna hmuh pawh ka huphur khawp mai
joy, vawiinah mithar an rawn lut dawn
anger, ka hmuh apiang che hi ka sa phut zel
sadness, ka bialnun a rukin min lo rel a ni awm e
joy, vawiin zet chu ka va lang tha em
sadness, hun kal tawh te ka ngaihtuah leh veng veng alawm le
anger, enge tunah i duh a tihtur i hrelo ami
fear, kalpui tur ka neilo ang tih ka va hlau e
fear,min ti zam ruai ruai mai a
anger,ngawi hmak rawh hmela 
anger, an va mawl e zuk chhuka thil tih dan tur hrilh ka va chhak tak
fear,ka thiannu awm dan chu min va tinuam lo tak em
sadness, vawi nga lai min bem alawm
sadness, a khawngaihthlak awm khawp mai
joy, intlanni a niah mi tha deuh kan thlan a rinawm
sadness, heibak chu engmah ka hriatbelh theih tawh pawh ka ring lo
sadness, vawiin kan in hmuh tawp ni tur a ni ta
joy, ka duh ka nei thei trep ta
sadness,tipalh mahse pawisa chiah kan dawng thei a
neutral,ni lo e
joy,mi fiam i van peih mai mai tak em
joy, ka duh che min tih chuan ka hlim veng veng  zel
neutral, e anih tak chu
joy, lawmman dawng turin min thlang hlauh mai
joy,chungten thawmhnaw min rawn thawn hlawl mai
sadness, oi ka kawr ka ha tawk tawh lo
anger,anih chuan i duh leh vawiin ah kan sawi fel vek dawn nia
joy, in tih fai te hi a nuam a nia
sadness, ka hmelhriat awm chhun an sawn daih alawm le
sadness, he khawvel hi a lungngaih thlak ania
fear, khaia an in hmuh chu ka va huphurh ve
neutral, aw le
fear, a bula awm a nuam viau chung hian min ti hlauthawng thin
joy, ka lawpui lutuk che aw
sadness, ka nu hlim deuha a piancham hmantir ka duh anih loh chuan a lung ngai zel
neutral, car ka khalh mek
fear, hlau loiin ti tawp zel rawn anih loh chuan engmah i thi thei miah lo mai ang
sadness, ka pa ka va ngai tak em
anger, tunge ka thil khawih che u
fear, min melh dan kha min ti khur zawih zawih mai
neutral, thianna
joy, pawisa a thlawnin kan dawng dawn
fear, kan va accident teuh vele
sadness, i inkhel lai ka hmu chhak a sin le aw
joy, van veng team an chhak
sadness, ka puh a pawi khawp mai 
joy,ka thil tih theihloh ka ti thei tur hi ka lawm khawp mai
joy, ka mi duh tak ten min rawn duh let ve a alawm le
anger,kan in sual a lawm le
sadness, thanthu tawp dan chu min ti nuamlo huih alawm le
joy, kum nga chung ka hmuh tawh loh  hnuah ka unau pa ka hmu leh thei chu ka lawm hle mai
anger,zir hrep hnuah an cancel deih chu min ti lungawi lo khawp mai
sadness, a lungngaih zia kha chu aw a aw ah pawh a hriat theih alawm le
joy, tingpui leh chhang i ei ang u
fear, thu sawi a ngai a ka zam khawp mai
anger, biak theih miahloa in awm chu le zawngi
sadness,mi tam tak lungngai deuhin an awm alawm 
fear, khaia naktuk ah a rawn thleng dawn ka va hlauthawng tak
sadness, ka nun buai zia hi chu aw
joy, nipui laiin a nawm zia ka lo hria a
joy, ka nu thilpek ka pe a  alawm khawp mai
sadness, ka ui a damlo a damdawi inah ka hruai dawn
anger, min bum chule chu nu zet chu
neutral, ka hrethiam e
joy, kan thanpui theichieu hi chu kan lawm hle mai
sadness, ka pa a boral ta
anger, ka naupamg laka an thil tih chu a va tenawmin min va han ti thinrim ve
sadness, kumin a ni hreawm ber ka hmang mek
fear, naktuk a karen tha hram se ka van ti tak em
fear,khai a min ti phu alawm le
sadness, kawiah neg ka dah deih le
sadness, i nun ho deuha i hmanloh ka beisei
joy, hmanlai huna kan thin tih ka hriatchuah hian ka va in chhuang thin tak em
joy, biak tur awm loh chuan mut leh deih hi a numa ania
sadness, mi lungngai i hmuh chuan biak i lo tum thin dawn nia
joy, hmangaihna hi khawvela thil pek tha ber a ni
sadness, high school ka va ngai tak
joy, naktukah dam takin kan in hmu leh dawn nia
neutral, tu nge i nih ve le
sadness, pawive min ti chhakloh phah alawm le
joy,pathian thu ngaihthlak hi chuan rilru a dam duh
anger, hlim hmel deuhin lang mahse a thinrim teh mai ania aw
joy, december kan thleng ta kum khata hun nuam ber pawh a hnai leh tawh
fear, hmalam hun lo thlegtur hi ka hlau ani
anger,a thinrim lutuk a a awm hle hle theilo anih saw
fear,thihna hi ka hlau
fear, vawileh khatah kawngkhar a in hawng thuta min tiphu nasa lutuk
sadness, thanthu tha tak chhiar tur ka va duh tak
joy, tunlai naupang ten hmanlai hla an ngaihtlak han hriat hi a va nuam tak em	
joy, ka project ka zo hman hram e
joy, i bula mi kha angel ang  mai alawm le
anger, kan hun hman ka ngaihtuah chang hian ka ngei thei khawp mai
sadness, milem ziak thiam ila ka van ti tak
joy, a ruk tein eitur min rawn pe a alawmawm khawp mai
sadness, a tan engmahlo mai ka lo ni anih hi
sadness, he thawnthu lungngaih thlak zia hi chu aw
joy, an fanu a rai tih an hriat chuan an lawm khawp mai
sadness, min kalsan lo hram teh ka la hmangaih reng che
fear, ramhuai thanthu chhiar laiin min rawn tih thraih alawm le
sadness, kan duhtakte min kalsan tawh te tan bati i lo chhem ang u
fear, naktuk i hlau loang u
joy, album thar i lei vat vat ang u
anger, ka thiannu thil an lo peih deih hi chu ka lawmlo khawp mai
fear, ni zan ka mumang chu a va hlauhawm vele
neutral, ka awm alawm
joy, class lak laiin mut deuh hi chua ava nuam tak
fear, fimkhur deuhin nung rawh khai
sadness, kan zirtirtu hlui ka hmu a hun kal tawh min ti ngai veng veng mai
anger, he khawl chhiat zia hi chu aw ka thil a ti chhe vek alawm
fear, mi in min rawn bei thut a ka pawisa min laksak
neutral, school ah ka awm 
fear, tu emaw in ka zing tlan laiin min zuiru a ka hlau lutuk
sadness, ka computer a chhe deih a lawm le
sadness, ka nu in  i thau lutuk min han ti mai chu leh
fear, ka thianten an lo ngaihtuah pui lutuk che a
anger, tunge ka thil ru zawng ho
joy, ka zin haw hunah ka nute pek tuk ka lei a
joy,kan exam chu ka ti tha khawp mai
fear, ka thin a phu nasa lutuk
fear, ka in sawm tuk chu ka huphurh e
joy, in eng hi a va mai tak em
joy,tui kan cheng dawn bik bik
sadness, bus ah khan awm mai mai ila a tha tur
anger,a thinrimna a in sum hram hram alawm le
joy,hlim takin i nun zel theihnan ka lo thawngthai dawn nia
joy, i duh chuan ka pe deih ang che
joy, nilengin ka thiante nen kan awm ho dawn
neutral, enge ni ta a
joy, ka thianpa thu sawi turin an sawm alawm
joy, a tawpah ka mu ve thei ta
joy, motor a kal theih hi chu a van nuam tak em
sadness, mi zawng zawng hi an sawi ang loh hlir an lo ni anih hi
anger, vawi tam tak hrilh hnu pawn min biak duhloh chu le
anger,a pi a ti thinrim vak alawm le
joy, ka pi te kan tlawh dawn a hei
joy, naupangte hlimna nih theih i tum ang u
joy, ka thrante an chhak thei hi ka va lawm tak
neutral,nilo e tinge
neutral, motor ka khal mek
joy, kan zirtirtu hi ka duh tawp
joy,saturday nuam deuhin kan hmang ang chu le
joy,han fiam mai mai che hi ava nuam tak
joy, ka huat deuh a kal bo ta a va nuam tak
joy, hna ka hmu hlawl mai a
anger, tinge he thil hi a thawh theih miah loah a ka va haw tak
joy, ka chawl ve thei ta
joy,thian te nen kan in ho ang chu
joy, nitin a ngai te bawkin le
sadness, ka nei loang tih ka sawi hman trep mai a
joy, ka haw ve ta tui deuhin kan mu teh ang
joy, kan christmas bazar dawn
joy, kan veng zawipawl an chak
joy, naktuk ah kan leng chhuak dawn
joy, christmas laiin chaw ei khawm kan nei dawn
joy, biak inah ruai kan threh mek
sadness, in tih cher ka ngai
joy, i pian ava nalh tak
joy,i thilpek ah kan lawm lutuk ania aw
sadness, ka chhak amaw ka tia mahse kan lo chhaklo lek a
joy,christmas laia bazar hi a nuam ania
joy, thiante nen inkhel kan en dawn
joy, dawrah chaw kan eikawm mek
anger, thatchhepa hnate hi thawk ve ta che
sadness,darkar nga chhung zai zir angai dawn
joy, hna kan dil teh ang
joy, hlimna zawng zawng lakah ka in hawng e
joy, nimin ah ka nu in pheikhawk thar min lei alawm
joy, christmas kung mai zia hi chu aw
joy, nilengin chaw ei rawng min bawlsak alawm le
sadness, a lungngai lutuk a sakhua naah a in pek phah alawm le
anger, min ti buai sek suh
neutral, nga
sadness,  ka chhungte an rawn zin leh dawn lo
anger, zingkar atranga threnawmte an bengchheng hi chu a va ninawm tak
joy, thil engkima ka lungawi e
fear, ka va huphurh ve
anger, ka thinrim thut alawm le
sadness,vawiin khua  a va nuam lo em em vele
joy, hei keini pawh kan phur khawp mai
fear, khawngaihin ti tha hram ila
joy, ekser lak hi a nuam ania
fear, ekin trawp deuh a luh hi chu a zamawm duh khawp mai
fear, ramhuai flim mahni in ka en alawm
fear,hmelma ten min rawn bomb ang tih kan hlau thin ania
joy, ka hmagaih ten mih kuah hi chuan a nuam veng veng zel
neutral, enga tan
joy, zanin chu a van nuam tak
sadness,thil lo th;emgtur hriat hi chuan a hrehawm duh khawp mai
sadness,in hmuh khawm leh theih hram i tum ang u khai
fear, in dona alo thleng ta
fear,hlauh nei suh u
anger,thinrim loh tum pawm in rawn ti buai sek le
anger, mi hnawl leh tho tur si min thlang loh tawp tur alawm hmel ho
neutral, anih leh u le
joy, zing hma deuh a tha takin kan in be leh dawn nia
joy,nilengin basketball kan khel dawn
fear, ti nge in va hlauhthawng hmel vea
anger,tinge engah eitur pawh an siam loha
joy, minute sawm hnuah ka rawn kal ang
joy, chhum zim hi a va nuam tak
fear, ngati nge ka chungchang an zah vak vak le ka ngaih a va ti thalo e
joy, ka flim duh ber a chhunzawmna an siam dawn
fear,mi ti trih ruai ruai mai
anger, a vak mak thin tak em
fear, thina hi tu pawn an hlau a nia
joy, vawiin ka hmuh thei che hi a nuam e
neutral,pawilo e
joy,tha takin i zir ang u
fear,ka ngaihtuahna hi ka hlau khawp mai
sadness, engtin nge ni dawn ka thil en duh a tawp daih
anger, ka haw ngawih ngawih che u
sadness, an thil puan chu a va thalo e
sadness, ka pa a damlo a
fear,hmu tawh lo thei hram ila ka va ti em
joy, kha nu chu a va hlim hmel ve
joy,a tawpah min rawn be ve ta
fear, hlau loin huaisen takin hmachhawn tum rawh
sadness, awlsam deuhin min kalsan a
sadness, min tlanbo san daih
anger,min tih dan chuh in chak lo khawp amg
joy,a hmu leh thei che chu a lawm lutuk
fear,tlanchhe ru
neutral, enge i duh zawk
sadness,min hmuh tawh suh ka hmu duh tawhlo
joy,film kan en ho dawn
fear,ka tlanchhe dawn ka hlau
anger, ka sawisa dawn che
fear, min ti hlauthawng ania aw
joy,a that hmel khawp alawm
joy, vawiin that beisei ang aw
sadness,ka tihpalh hmahse heiai tlawmin ka ti theilo
anger, ka kawr min laksak daih alawm le
joy,zanin chu film hmuhnawm deuh ka en dawn
sadness, ka chhungte ka va ngai tak em
joy,min rawn zawm thei tur hi kan va lawm tak em
joy, an thil siam chu min va han ti riltram ve a tui hmel lutuk
fear,tinge police zan laman an chet vakah ka awm a ti nuam lo tlat mai
fear,ka thlarau tan i hlau ami
joy, relah nuamsa deuhin kan chuang ang chu le
joy, finals vel pawh kan zo ve trep ta a nuam khawp mai
joy,darkar nga hnuah ka zo ve thei ta
joy, ka hm thiam ve ta
sadness, khua a nuam teuh a sin le
fear, a na dawn em
sadness, class zawh hnu ah pawh ka hahchawl hman lo
joy, yay min pe va e
joy,thiante nena leng ho dial dial hi ava nuam tak em
joy, a chhanna min ziah sak avaing ka lawm em em e
sadness, i thiam trep tawh ti leh hram hram rawh
joy, a hma thei ang bera thil tih hi a tha ania
sadness, tunkar chu ka chawl hman meuh lo
joy,ka chahbi ka hmu ve ta
anger, tinge engmah pawh min lei duhloh chu le aw
joy, zan mut hah chawlh tluka nuam a awmlo
joy, vawiin hun nuam tak kan  hmang e
sadness,mahni chiaha ka awm chang hian au vak mai hi ka duh thin
joy, i thusawi hi kei tluka phurpuitu hi an awmlo ang
neutral, nihleh le
fear,khawvela tan in lianber hi ka nuna ni hian ka hre thin
fear, a vawi khat nan ruang ka hmu ve a ka trih ruai ruai mai
joy, nuam deuha awmleh hun ka va nghakhlel tak
joy, vawiin hun nuam tak nei vek ang che u 
joy, a lawm lutuk a a trap zawih zawih mai alawm
joy, nun hi midangte nena hman ho hian a nuam ber a nia
joy,hemi zawh hunah vawi khat mah ka tih a ngai tawh lo
joy,zanin chu a nuam dawn hem hem hle mai
anger, tuman in duhlo alo nih hi hmelho
joy, ka pute nena hun hman ho hi anuam ania
anger, ka raipur laiin min tlanbo san deih chu le zawnga chu
sadness, a van pawitak ka remote ka hmu zo lo
joy,naktuk ka ngakhlel lutuk a ka mu theilo
sadness, a hreawm hmel tawp
joy, lalpa i lakah ka lawm lawm e
sadness,naupang ruang ka hmu a a khawngaihtlak khawo mai
joy, ka lehkhabu an tlangzarh ta
fear, lalpa puinain engmah hlauh ka neilo ang
joy, kumtawp kan thleng leh thei hi a lawmawm hle mai
neutral,ka chhuak lawk dawn
joy, hriselna lampang lehkhabu chhiar hi a tha ania
sadness, engmah hrethiamlo mah ila pathian thu hnuaia awm vek ani
sadness, cancel lo hram se ka va ti tak
neutral,lehkha bu ka chhiar
fear, thahrang hlim ka en dawn
anger,an thil tih dan chu a va tenawm em em ve
joy, khua chu a va lum nuam ve
fear,nilenga chet theiloa awm chua a rapthlak lutuk
joy,vawiin chu a tha khawp mai a
anger, tinge mi i sawisak vak vak a
joy,ka thil tih theihloh te ka ti ve thei dawn ta
sadness, mi fate ang nih ve ka va chak tak
fear, khawngaihin ka min lo en ngei ngei rawh aw i enlo ang tih ka hlau ania
anger, sam met tu pa chu awww
anger,ninawm khawpin i trawng alawm le
joy, tlangte mawi zia hi
neutral, ka intiam e
anger,prime minister thil puan chu ka pawmpui ve hauhlo ania	
sadness, min ring se ka van ti tak em
sadness,ka tipalh tak zet ani
sadness, reideuh nghah hnuah a rawn thleng ve meuh chuan a ho zo vek
joy, pathian chu pathian ani reng a va ropui em
fear,naktuk ka hlau lo a chhan chu vawiin hi a hlimawm ani
joy, ka duhber anih kha
fear, thi lo se ka va ti ve
joy,eitur ka zawng hmu hlauh mai a
joy, ka ti ve hun a thleng trep tawh ka phur lutuk
fear, hlauloin kal zel ru
neutral, pathian thu ka ngaithla
sadness, ka phone a chhe deih ania
joy,pathian in tranpui tu tur che a rawn pe dawn che alawm
sadness, ka pi a thi ta
joy, zaitu chu a thiam hle mai
sadness,mahni leh mahni i inti lungngai mai mai ani
sadness, khawngaihin tleng ve hman hram ila
anger, i va hna tenawm hlawm ve
fear, thlahrag inah ka lut ngamlo ka tih ka tih kha
neutral, nilo e
joy, nail polish pherh miahloa hnawih theih hi a va  nuam tak
anger, min tih danah kan lawmlo khawp mai
fear, ka va hreh tak em
anger, dawtsawiah min han puh chu le 
joy, pawisa ka dawng hlawl mai a
sadness, ka kalsan tur hi ka lungngai
anger, zawnga
joy, he flim nuihzatthlak zia hi
joy, ka thiltih a ka hlawhchham dawn amaw tih hnuah ka hlawhtling hlawl mai
joy, zan zinkual mai mai dawn 
neutral,i thiam em em ang hlau suh
sadness, ka nun hei aia hrehawm theih ka ringloh nen nen 
fear,nakna chu an thehdarh ang tih a hlauhawm khawp mai
joy,zanin chu i tran ang aw
joy, lengchhuahpui tur ka nei bik
joy,hlimna hi lo kal zel rawh se
fear, misual rualin min um vak alawm le
joy, mi fiamthu ka ngaithla mai mai
neutral, nang maw
fear, ka upgrade ngamlo e a
fear, a awm a trihawm zia kha
joy, christmas hla chu a va mai vele
fear, kangmei chhuak chua ava den ve le
fear, hlauloin awmhahdam rawh
joy, hna thawhleh ka va chak em
joy, thu ka sawi thei hi ka lawmtak zet ani
fear, tinge a va kang nasa ve a
joy, tingpui tui deuh in hi a nuam ania
fear, chaw pawh a ei thei tawhlo a ka hlauthawng e
sadness, ka pi ka va ngai tak em
anger, tinge tianga i awm a ka eing hlek lo che ania aw
joy, tuna hlasak mawi zia kha
fear, mi thar te nena thawhho a ngaih hi chuan a zam awm duh teh mai ania
fear, hlauhna in i nun kaihruai ngai suh
joy, thla tawp kan thlengleh thei hi lawmthu i sawi ang u
joy, lawmna chu buaina neihloh nun hi a ni
fear, hmun thara in sawn hi chu a zamawm duh ania
sadness,nia maths hi ka thiamthei thlawt lo
joy, sikul ah kan let leh thei ta
sadness, an inthren chu a va pawi ve
anger, nikhatna atranga inhrem nghal chu a va ninawm ve
sadness,chak dawn veleh a haw daih zel 
neutral, mi kan zawt ange
joy, christmas kung kan chei dawn
fear, khaw dur chhunga thlawh chu kan hlauthawng ve khawp mai
joy, kan fa piangtur hi kan lawmpui tak zet ani
joy,ka nun hi pawimawhna min pek avangin ka lawm e
joy,christmas a mahni nu leh pate nena hmang theih hi a tha ania
joy, hla nalh deuh i ngaithla duh em
joy,nia midangte tranpui theitu an awm hi a tha ania
joy, in nun in pho ngam hi a ropui khawp mai
joy, pakhatna i ni a nia
joy, a ropui tawp mai a
neutral, ti maw
anger, hi thupuan hi do thlat ru
joy,ka thil neihte chhiar hi a tha ngai e
sadness, tinge hma deuhah trul lo deuhin ka thawh le
neutral, awle
joy, vawiin pawh nuam thei ang berin hmang ang che
joy, a tawpni kan thleng thei hi a ropui hle mai
joy,hlimna hi sual anilo chuvangin nuih reng tur
joy, ka lawm e mahse ka tilo law law mai ang 
joy,ka nuaten thrian an siam ve ta
joy, krismas chawlh kan hmang ve thei ta
fear,miin min rawn vau vak ringawt alawm le
joy, pawisa i siam leh hem hem mai ang aw
sadness, bawng hnute a awm tawhlo anih hi
joy, thusawi hmasa ber kan ngaithla thei hlauh mai
fear, timge i va ngawi ve i tha  maw
sadness, ti thei hlauh se aw
neutral, maw
joy, pawisa lamah buailoh hi ava nuam tak
fear, bike a khalh chak lutuka min ti hlau alawm
fear,bike chak deuhin khal lo hram rawh aw
sadness, ka hmangaihte ka kalsan a ngai dawn anih hi
sadness, khawnge a awm deih le aw ka hmu zo miah lo
anger, i va hna dawih tak nepa
joy, a kalsan hnuah a hlim deih zawk
anger, an thil fak chu a va tenawm ve
sadness, mahni hi ka inring thei thlawt lo
joy, chawlh hnuah hna i thawk leh ang u le
joy,khawvel ropui leh mawina anih hi
joy, in tha maw
anger,min ring thei miah lo hi min ti thinrim
anger,thinrim deuhin min thlir reng alawm
joy, ka kekawr ipte ah pawisa ka hmu hlawl mai
fear, tu mah min puitutur an awm lo hi chu a zamawm ve det
sadness, tumah ka piancham min lawmpui tu tr pawh an awm lo
joy,arsi te tlet mai zia hi
neutral, kum nga ka ni
joy,vawiin chu ni tha ber nilo mahse ni chhe ber ani biklo e
fear, oi exam chu ka va trih tak em vele
fear,hlauhna hi kan nunah pawh pawimawhna an nei ania
joy,lampui turin ka sawm thei che em
anger,khaw lum chu a ve hrehawm ve le
fear, zan ka haw apiangin chhak deuhin ka kal ziah
sadness, ka zawi zia hi chu aw
joy, inkhelh zan anih hi
joy, an pet goal e
joy, thlasik khua chu anuam hle mai
sadness, khaia message ka va dawng hnem ve
anger, chhan awmze neiloin min ban tawp alawm le
sadness, flim chu a lungchhiat thlak hle mai
joy,a changchuan chaw te aiin nuihna te hi kan mamawh zawk ania
fear, zan ka haw lamah rul a rawn chhuak thut mai alawm
joy, ka bialnu nen kan in bia alawm le
fear, hlauhna nena nung reng mai hi nun tak tak ani lo
joy, atawp a tawpah maths ka pass ve ta
joy, hmasawn dan min zirtir teh
sadness,ka thil en chak exam lai laiim a rawn chhuak alawm le
neutral, aw
fear, cancer ang tih ka hlau ania
joy, ka cancer lo hlauh e
sadness, ka pen ka tibo daih alawm
anger,tinge min lo dangloh a pawi zo vek ta
anger, hetah a rawn kal a ngai hi a lungawi lo khawp mai
neutral, flim ka en
joy, naupang te nena hun hmang ho hi a nuam ania
sadness, i teloa nun hmang chu a va hrehawm ve
joy, ka thiante nen kan in rem ve ta
sadness, ka nupui in ka fate a hruai bo deih alawm
sadness,ka nun hi a tawp dawn hian ka hre thin
joy, pathian hian min rawn bia in ka hre thin
joy, naute a nui uar uar mai
sadness, ka hmangaih che a sin le
sadness,nuan lo viau mahse tih hram hram a ngai ania
sadness,i ngaihtuahna te kha thlalak angin ngaihtuah rawh
joy, miten hla mawi takah an sak hi a mawi ania
joy,krismas flim kan en dawn
joy,nia ka duh lutuk
fear, miin anchhia min hlawhin ka hre thin
fear,ransa te an thihrem loh nan hma lak a trul anih hi
joy,krismas hla kan zir ho dawn
joy, mite hla ka zirtir thei hi ka lawm ani
fear, ka zo hman dawnin ka hrelo ani
fear,ka paper ka hmu sual a ka fail amaw ka ti hman alawm
sadness,khawvel a chhiat loh nan i tawngtai ang u
sadness, nimin kan in kel chu ka chak lo alawm 
neutral, flim ka en mek
sadness, kan lecturer in min duhsak lo lutuk
joy,khawvela ka mi ngaihsang berte zinga mi i ni
sadness, ka nun hi ka pawm mai a hun tawh ani
joy,krismas kung pawh kan chei mai zo chiah e
sadness, ka pa sumdawngna a tla chhia alawm
joy,ka tetlaia ka thanthu duh ber ka hmu leh hlauh e
anger,min va hmusit ve a
joy,naktuk chu a ropui khawp ang
anger,ka va ngei hlawm tak em
sadness, ava pawi ve
sadness, kan chhunchaw pawh kan ei hman meuh lo
joy, message min thawn zawng zawng ah kan lawm em em e
joy, nikhata hun nuam ber kan thleng leh ta
joy, in eng mawi deuh ah khan kan awm
anger, ka in hi ka va haw tak
fear, a hmel a hmuh hnua a hlauh zia kha
joy, hlim deuhin i tawngtai ang u
joy, min zirtir thei hi ka lawm em em e
fear, an la man lo a nia fimkhur ru
joy, vawiin chu hun tha deuh kan hmang dawn anih hi
joy, a hmasa berah kei aiin sang zawk ka tum dawn
joy, zu a awm chuan a nuam em em vek ania
neutral,hna ka thawk mek
anger, ka car an rawn su alawm mimawl ho chu
anger,mi zawng zawngah ka ngei ber che
anger, nangmah nen buaina kan nei ania
anger, ka la sawisa khawp ang che
joy, ka pass thei hlauh chu a lawmawm khawp mai mi an fail tam sia
sadness,natna vangin ka duh ber pawh ka hmu theilo
sadness,ka pa a hna atranga a ban hnuah ka pute a thi alawm le
anger, ka hnuah min lo rel thin tih ka hriat kha chuan
anger, ka buai lutuka ka thiannuu nen pawh ka hmu hman lo a ninawm lutuk
joy, ka lo nghakhlel thei khawp mai che
joy, haw velah ka in bual ngal dawn
anger, thil engemaw ti chhiat ka chak
fear, ka ti ve hmanloang tih ka hlau ngawih ngawih 
anger,tinge awmze neilo in min rawn hnial vak vak ringawt a
anger, thinrim loin min ngaithla teh
joy, kan in kan sa tha dawn
sadness,tunlai chu hnaah ka buai lutuk a ka hman meuh lo
joy,pathian hnena inpek hi a va nuam in a va mawi em
joy, krismas kung chhungte nena cheimawi hi a va nuam em
fear, lei zawh ka ngai a ka thrah a chuak teuh lutuk
fear, hlauhna thrihbaiawm
neutral,ka pu
joy,ka sa siam chu a rim an va ti ngai em
joy,hlimna ropui kan lawmpui a che
sadness, ka thianpa ramdangah a kal tur chu ka va ngai em
joy, thu puan chu a va tha em em vele
sadness, he thu ka sawi tur hi ka ringtheilo ani
fear, hlauthawng deuhin result ka en 
fear, ka nun a tawp mai ang tih te hi a hlauhawm thin
anger,kha pa mawl zia kha chu aw min su hlum lo chauh alawm
fear,he in chu ava hrang duh hmel em em vele
sadness, ka nun hi chu a khawngaihthlak awm ve ngawt mai
neutral, aw
joy, a tawpah chuan motor khalh ka zir ve thei ta
joy, trahna pawh hlimna ah i siam thei alo nih hi
sadness, ka pass loang tiin ka lo lungngai ve em em a
sadness, ngati nge mi lawmna ah ka lawm ve theihloh le
sadness, ka pu pawh a chawl ve dawn ta
fear, ka exam hmasa ber ka fail der mai a
joy,enge khawvela thil mawi leh nalh ber i hmuh tawh
sadness, ka room hian khawvel min huattir in ka hria
neutral, kha mite kha maw
fear, class ah ka tii chhia ang tih ka hlau
joy, vawiin zan chu kan in duat teh ang
anger,darkar tamtak ka beih hnuah ka ti ve thei ta ninawm lutuk mai
fear, kar tawpah mi an chesual nasa duh zawk ania aw
anger,news a an thu puanhian nitiin min ti thinrim telh telh mai
sadness,aw ka lo thlauh daih ani hi a pawive
fear,lui kan kalna ah ka tawlhthlu a ka thi dawn amaw ka in ti hman alawm
joy, kea kalte hi a thawvengthlak ania
sadness, ka hmelhriate pawh an lo in thlak tawh anih hi
anger, ka zawhte su tu pa chu aw a chhak loang
anger, ngati he thil chhe lutuk hi a tang reng mai le
joy,ka tupa ka hmu ve chiah e
sadness, ka putea a boral a
joy,thawhtan ni chhuah nuam vek che u
sadness,a pawi khawp mai a signature pawh ka la theilo anih hi
joy,niting i malsawmna dawng zawng zwang chhiar thin te i hlim veng veng mai ang
sadness, rampawn lam atangin thu tha lo a rawn thleng hlawl mai a
fear,a thanthu sawi rapthlak zia chu min ti trim uar uar mai
joy,khup beng meuhin a nui alawm le
joy,khaia i nu ang maiin i hmeltha anih hi a
anger, ka thianten dawt in min hek alawm
anger, khang mite laka an hmalak dan chuan ka thin a va ti so nasa ve
anger, he naupang suahsual zia hi chu aw ka la beng khawp ang
joy, pathian malsawmna anih hi a 
joy, thu tha an dawng anih an nui uar uar mai
joy, ka tupa hmasa ber alo piang ta
neutral, e a ni maw
neutral, enga
joy,kartawp hnathawh a ngai lo wooo
joy, christmas cheimawina chu a va mawi ve
sadness, krismas kawr pawh ka neilo
anger, kan la in hnek khawp ang
joy, vawiin ah christmas hlate kan sa ho dawn
joy, that hlauh chu ka ril a tam lutuk
joy, ka piancham hma chu kan awm mai mai teh ang
fear, ka va han ti ngam lo tak em 
joy, ka chhungte nen kan eikawm dawn
joy, ni reilo te hnuah krismas bazar hun a ni leh mai dawn
anger, he mite chet muangzia hi chu aw
joy, duh  ang tawka mut theih thluk a awm lo anih hi
joy, thlasik alo thleng leh ta va nuam em
joy, naktuk quiz chu ka va nghakhlel tak em
neutral, kan hun kaltawhte i thirlet ang u
sadness, kan hun kaltawhte koh letleh ka va chhak em
anger, khatiangin ka lakah min ti vak suh aw ka beng hrep mai ang che
fear,nizanah min be miahlo a ka ngaihtuah teh mai ania
anger,ka nun awmze neiloin kal a phal le ringawt alawm ka thinrim tawp
joy, ka thil hrilhah a lawm khawp mai kan pu chu
sadness, veti hnenah kan zawhte kan hruai a ngai a
sadness, riltam deuhin kan mu leh tawp mai ange
fear, ila in chhir ve khawp ang
fear,hlau loin i kal zel ang u
sadness, ka duhlai in min be let ve duhlo
sadness, ka lu a na ka mu theilo 
anger, enge ka lakah sawiselna i neih a
anger, ka thinrimna hi ka in sum theilo trep a nia aw
fear,kan in bulah kangmei a chhuak alawm a hlauhawm duh khawp mai
anger, ka hmuh phak lohah thlawkbo rawh 
anger, engmaw i sawisel sek le i ninawm ngawt mai
anger, thu puangtu pawh a lawm hlek lo ania aw
anger,thinrim loin in sawifel ang u
fear, tui ka hak trep alawm
joy, inneihna ah kan kal mek
anger,hnathawklo in ilo awm mai mai chule
joy, thil ei laiin a rawn lang zeuh alawm
anger,i in sawi thinrim dawn
joy, hma deuh atrangin mi kan zirtir ang chu
sadness,ka lungleng changin mahni in awm mai mai ka ching 
fear, tinge a ve reh ve a  ngaihthatthlak loh khawp mai
anger, kan piber pawh a lakah a lungawi lo khawp mai
fear, kan game hmasa ber kan tran trep tawh a zawmawm duh khawp mai
anger, amah anih kha min ti zak tu chu
anger,jews ho an tihduhdah dan han hriat meuh chuan a thinrim loh theihloh 
fear, ramhuai flim chu tv ah arawn let leh anih hi
sadness, hunreilo teah min chawlhsan mai dawn sia
joy, a dawtleha kan tum tur chu a awl dawn khawp mai
joy, ka hna thawh ni hmasaber kan tran dawn chiah e
sadness, an ni pawn hmalak zel dantur an hre biklo anih hi
fear, ka naupang kha a hlau ngawt ang a
anger, kan hotupa min ti dan chu min tisa phat mai a
sadness,hmalak zel tum mahse tu man an rilru an pe thei tawh lo
joy,ka natna pawh ni thum hnuah a dam ve dawn ta 
joy,tui deuha mut hnuah chaw tui deuh han ei leh nghal theih hi chu a lawmawm ani
neutral, enga tan maw
neutral, hna i thawk ang u
joy, chaw lum tui tak leh hlim hmelpu hlir kan awm e
joy, ka fapa pawh hei a duhna berah a lut theita anih hi
fear, kan va tlan liam teuh em em vele
anger,a nupui chet danah ani pawh a lawmlo khawp mai
anger,ka pan ka bialnu min threntir hi chu ka lawm theilo
joy, naktuk ah ka thiannu nen kan bazar dawn
anger,min dang lose langchuan ka sawisa hrim hrim ang
fear, tu emaw nen an rawn chhuak tih ka hmuh chuan ka thin a phu dut dut mai alawm
anger, dawt min hrilh hian ka thinrim thin
sadness,ka tetlaia thian ka ngah thin nen nen aw
fear, ka thil hriat thiamloh te  bawk hi kan hlau thin ania
joy, ka pu lakah ka lawm em em e
sadness, ka hming duh an lo la deih hman alawm le 
sadness, thenawmte nena intih thiamloh hi chu a nuam lo
neutral,aw ka hmu chiah e
joy, ka monu te hneah hun nuam deuh in hmang dawn nia
joy, thil tam tak inthlak mahse lalpa lakah ka lawm zel tho ani
joy, hmangaihna in i thinlung chu a liam zawih zawih mai alawm
joy, engtik lai pawn keichu ka hlim thei reng zel 
sadness,thil tihsak theihloh hi chu a hreawm khawp mai
sadness,in entir ka ngai in ka hria
sadness,ka nu kha ka khawingaih tawp
anger,midang hnen atrangin i chet dan zawng zawng ka hre vek ania aw
sadness, zanlaia ka trap vak alawm le
anger, entik laimah a thinrim ngailo kha i nia
joy, he hla chu ka rilru ah a cham veng veng mai
joy,ka bulah i thu thie hi ka lawm khawp mai
joy, khaia i thilpek chu ka la rul leh vek ang chu u ka lawm e
joy,thil kal zel danah ka lawm hle mai
sadness,ni zan chu ka nu ka ngaihtuah lutuk a ka mit pawh ka chhing theilo alawm le
fear,engmah ka hre thei tawhlo ang tih hi ka hlau
fear, nitinin enge maw hi i lakah alo thleng ang tih hi ka hlau thin ania aw
anger,nizanah tu emaw in ka bike an ru alawm le ka thinrim khawp mai
joy,ka nun zawng zawng hi min kuahlai ni thei se aw 
joy,aw  a phurawm lutuk ringawt
joy, hun reitak hnuah ka duhthlanna hi a dik ani tih ka hriat hian ka lawm ani
joy, ka result tha tak hi ka pa hnena thilpek tha ber ani
joy, zanin chu nuam deuhin i tleivar ang aw
neutral, enge he thil hi i ngaihve dan
anger,a thinrim lutuk a tichhe vek turin min  hrilh alawm
joy,an ti tha bawka puber pawh alawm ngawt ang
anger, ka ke ka chhuihpalh alawm le hetsala
sadness, khawngaihin in hnial tawh su
sadness, kan krismas kung a tliak alawm le
sadness, zanin chu mahni a awm ka va chak tak em
neutral, anih hi
anger, teuhlo mai rukru ka nilo
fear, i hriatloh hlau suh
joy, hna thawh nuam ule thiante u
fear,uite pawn mithar lakah an hlau ve thin ania
sadness,chengna tur neiloin a vak vai kual vel anih hi
joy,natna an tihdam belh zel avangin ka lawm hle ani
joy,vawiin chu car thar kan va lei lawm le
joy, vawiin kan intihsiak ni
fear,a chang chuan engemaw hian min ti hlau leh thin
anger,airport a min tihdan chu a diklo khawp mai
joy, lecture pe turin min thlang hlauh mai
joy, naktuk hun nuam deuh neih theih nan kan zo vek ange
anger,ti nge awmze neiloin thil i lei vak vak a pawisa kan neih tlem nen nen
joy,hun reitak infiamna chi hrang hrang ka tih hnua lawmman ka dawng thei hi ka lawm hle
joy,mahni a awm mai mai a hah chawlh hi anuam ber mai anih hi
anger, thinrimna hi nunah thil lo thleng ve thin ani e
joy, ka thil duh ber chu nitina inkuah hi ani
sadness, thianten an leng chhuahna ah pawh min sawm ve lo
fear,a thil tih threnkhat hian ngaih a tithalo khawp mai
neutral, maw
anger,maw minlo phatsan a maw 
sadness, ka nula biaklaiin nih chhunzawm zel a duhlo 
joy, naktuk ka nu piancham
fear, nizan chu ka rawn haw ngamlo trep alawm le
sadness, tunkar chu kan in hmu thei dawnlo anih hi a
sadness, mahni in zei hi ka chhak thin
joy, pathian thu hril tluka nuam tih ka neilo
joy, ka phurna in sum hram hram ka tum alawm le
joy, chawlh a hun ve trep ta
joy, thilpek dawng aiin mi thilpek hi nuam ka ti zawk
joy, naktuk chu ka nu leh pate an leng chhuak dawn nuam dawn raps
fear, mahni chiah in a awmsia inte hi an ti kang ang tihte hi a hlauhawm
joy, heng krismas hla zawng zawng te hi ngaihthlak an va nuam em
sadness,ka thang ve emawi tih laiin pheikawk sang ka bun lek hi alo nih hi
sadness, ka thiantha ber a tling ve lo
joy, hna awlsam zawkah thawh theih dan hriat hi chu avan nuam tak
fear, school ka kal hreh e
joy, doctor thil min chawh chu ka va ngaih rem rem ve
sadness, min pui hram te scho hi ka mamawh lutuk
fear, mahni chauha thimthama haw chu ka hlau
joy,a thusawi chu a va lawmpui awm reuh tak
neutral, ui tar thil thar i zirtir theilo
sadness, i thusawi chuan in elna min ti ngai
anger, mahni hnung amiten min lehpelh hi chu a thinrim thlak duh e
anger, an khelh tir duhloa kan chak loh phah an mawl ngawt mai
anger,tun thlenga i thinrimna i in sum chu a tha e
anger, he naupang chu ka va khai lawl chak ve
anger, tinge i ve ti trawp e i tenawm khawp mai
joy, pheikhawk mawi deuh ka hmu hlawl mai
joy,naute hlim deuhin an in fiam laia chaw tui deuh ei tluk a awmlo ania
anger, an va bengchheng e aw
fear, rukru ka tawng a min that dawn emaw ka ti hman alawm le
joy, hma deuhah tho ila kan zo hma ani mai
sadness, kan in khelh hun lai kha ka va ngai e
fear, a tawp ang tih ka van hlau ve
joy,vawiin khua nawm dah hi ka sawidiah thiamlo
joy, ka board exam ka pass hlauh mai 
sadness, ni hnih lai engmah ka ei tawh lo
sadness, a tawp a tawpah chenna tur ka hmu ve ta
sadness, ka class ka van ngai
anger, ngawi hmak rawh zaktheilo nu
sadness,ka nu nikhat chu a tlanbo deih alawm
sadness, a lungngaih hmel lutuk a ka va be tawp alawm
joy, ni nuamlo deuh kan nei emaw tih pawn thil tha deuh a rawn thleng hlawl mai
sadness, chauh pauhleh rilru chak tawlh tawlh se a tha tur ania
neutral,aw ka ni e
joy, vawiin kan exam a ngai lo
fear,nizan ka haw lamah ka hnungah tu emaw in min zui a ka hlauh zia chu
sadness, i telve loh chuan a nuam nang
joy, fa pathum lai ka nei tawh alawm a ropui ngawt mai
fear,huaisena chu hlau chung chung pawha thil tih ngamna hi ani
neutral, khawiah maw i awm
joy,ruah sur laia thingpui lumtak in tluk a awmlo ania
neutral,i hnungah le
fear,mi ti dawih vek
fear,a dang vek mai alawm a hlau lutuk
sadness,lungchhe takin a haw a ngai ta nih kha
joy, he in turu zia hi a bawn lutuk
anger, ruah sur chu a van bengchheng mai mai tak
fear, kalpui tur neihloh chuan ka kal ngam lo
sadness,ka u thihna hi hun rei tak chhung ka lo tuar tawh asin
neutral,nia kan ti thei e
joy, kartawp chu nuam hem hem hle mao
neutral, thluak
anger,thluakthawl pa
joy, chawlhni pawh a hnai leh tawh khawp mai a
anger, kha hmun chhiat zia kha min ti thinrim
neutral, engtikah nge ni dawn
joy, tunkar ah ka hmu thei tur che hi chu ka phur lutuk
fear,pute chuan an lo hlauhthawngpui lutuk che a
sadness, ka hna ngah zia hi chu aw a hrehawm
joy, ka theihnghilh lo hlauh chu a lawmawm
fear, ka diklo ang tih ka va hlau tak em
neutral, keipawh le
joy,mitha tak i ni hi kan chhuang lutuk che
joy,thiante leh chaw tui tak neih hi chuan ava nuam tak em
joy, i phu lutuk alawm i thil tih zawng zawng ngaihtuah hian
joy,mahni paten min phurpui hi chuan a nuam tak asin
joy, a atawpah ka nun dan pangai ah ka letleh theita
fear,ka pu ka va biak chuan a thinrim hmel khawp mai
sadness,pitar mahni chiaha awm khi ava khawngaihthlak awm tak em
sadness, vawiin a tawpni ani ta a ngaihawm dawn khawp mai
sadness,tuma hriatlohin amah te chauha a awm tur hi ka ngai ngam lo
joy,hlimna hi chu chaw tui tak hi ani
fear, lalpan min kalsan ang tih hi ka hlau thin
anger, ka thinrim hman teuh khawp mai
sadness,a naute a boral mai chu a khawngaihtlak awm e
sadness, ka chau lutuk min hrethiam hram hram teh u khai
joy,i va ti tha em ka duhlai
joy, ka nun ka duhzawng min lo siamsak alawm le
joy, he hun reilote pawh hian min ti hlim asin
joy,zo vat vat teh ang thil tih chhak deuh ka nei tlat
anger, hriattirna teloin hetiang thil hi an ti tur anilo reng reng 
joy, ka hming an thlante zingah k hmu thei chu ka lawm lutuk 
neutral, ka awm e
fear, ka flim en chu a den lutuk a ka en zo ngam lo
joy, hun rei deuh ka chhungte nen kan hmang thei hi avan nuam tak
joy, sa tui tak tluk a awm lo ania
joy, christmas hi chu lawmman lian deuh hi ani ringawt 
fear, han thlawh khum kha chu an hlau ve deuh anih dawn hi
joy, eitur ka chhar hlawl mai ka vannei tawp
anger, vawikhat mah tahkhan ka kal ngailo zawngi
joy, naktuk class awmlo
joy, ka pan mawhphurna min pe ve ta
joy,mite hnena lawmthu a malte te a hrilh hi a va nuam em
anger,khanu kha chu beng hrep ka va chhak tak em
fear, ka pa thinrim thluka hlauh ka neilo
sadness, nitin in ka lo nghak thin che asin le
fear,lalpa chu ka hlauh ber lai pawn ka ko thin
anger, ka ti tak tak ania aw min zah ve deuh rawh
joy,tak tak maw a va tha em em vele
joy, va va han nuamin ava han hlimawm em
joy, ka lawm lutuk a ka zuang tawr tawr mai
joy, zanin tluk a awm lo
anger,min thlang duhlo chu ka va lawmlo ve
sadness, hmangaihtur ka va duh tak em vele
anger, ka uang miahlo ania aw
joy,kan uang vel mai mai ang chu
joy, nilengin kan uang mai mai alawm
fear,an khalh chak thei lutuka an chesual ang tih hi a hlauhawm thin
fear, ka hlau lutuk a ka in khup tawp alawm
sadness,ka zir nasat nen ka thling ta lo anih hi a
joy,hlim hmel deuhin min chhaih char char alawm
sadness, chhungte nena chaw kan kilho theilo hi chu a hrehawm
sadness, ka hmuh chak nen nen ka kal ve theilo
neutral, ngati nge ti khan i awm a
sadness, mangchhia ang mai alawm le
sadness,ka va lung chhe tak em
joy, i van han uang peih tak em
fear,hlauh neih hi a pawi miahlo ania aw
neutral, lehkha zir tur
fear,indona rapthlak zia hi chu aw
anger, ka thian tha tak an ti thling duhlo hi chu ka lawmlo hle ani
fear, ka hlau lutuka ka thlan vak alawm
joy, thlan tih tlak te hi anuam ania aw
joy,zinga walk neih te hi a tha ania
fear,rul hi ka hlau ngawih ngawih
neutral,i haw dawn ami
joy, ka naute hi ka duh lutuk
anger, hmela i chak lo ngawt ang
anger, ka thin a so buan buan in ka hria
joy,awle ka rawn kal chak lutuk
anger, ka thin a va rim tak ka phone a on theilo
anger, midumho an tih dan ka hmuh hian ka thina rim khawp mai
fear, tu emawin ka thiannu hnenah min hnek dawn a tia ka hlau lutuk
sadness,uang ve mai mai thei ila ka van ti tak
joy, thiante nen uang ho hi a nuam ania 
neutral,khawnge
joy, vawiin ka hmang nuam hle
fear, ka hlauh ang ngeiin thil a thleng ta
fear, mi ka su palh ang
neutral, aw
joy,piangsualte pawn zirna an dawng thei hi ava lawmawm em
anger,ka nau a titau a thlengin min vawm alawm
sadness,engtin nge ka thling ve theih ang le
fear,kan in a chim dawn emaw ka ti hman alawm le
joy,ka lawmpui lutuk che i hlim ngei ngei nan ka lo tawngtai ang
sadness,ka rawn nang hman dawn lo ava pawi tak
joy, ka nun hi midangte hlimna leh nuihna an neih theih nan ka in pe dawn
joy, ni sawm chiah sikul kal a ngai ta
anger, eng hna pawh hei ai hi chuan a nuam zawk ang ninawm lutuk
fear, hlauhna a nun te zawng nun a nilo e
joy,ka bialpa nen kan fawr dawn
joy, mipui te pawn an lawmpui nasa lutuk
joy,min sawmna ah hian ka lawm e
joy, vawiin chu kan in su hem hem ange
anger, a thinrim bawk reng ang chu
joy, ka hming an puang chu ka van lawm tak
joy, ka film duh a rawn chhuak ta
joy, kar nuam ber ala ni ang
joy, kan groupah pakhatna ka ni
sadness,reilo te chung buailoh ka va chak tak
neutral, fiamthu loin
joy,nia thleng ka sil chak lutuk
joy, ka nute nen thla kan la ho alawm
anger, tinge traffic a zam reng mai le
joy, chuungte nen christmas party
anger,ka pate a lakah ka lungawilo khawp mai
joy,nui mai mai teh ang
fear,a pain a ngaihtuah lutuka a awm chhuk ringawt alawm
joy, vawiin chu kan tho fuh mai mai
sadness, ka thawmhna duh pawh ka neilo
sadness, ka thil eilai ka thlauh palh
fear,ka tling dawnlo tiin min ti thraih vak vak a
fear,zanreia insual hmuh hi chu trihawm
anger, ka va bia chu a thinrim hle
fear,ka pass ang tiraw ka hlauthawng ania
fear, kan chesual ang tih pawh a hlauhawm
sadness,vanneina kan neilo ve ve anih hi
joy, saw in mawi zia saw
joy, ka hlim bawn tawp
sadness,kan zir dawn emaw tihlai laiin an lo cancel deih alawm
sadness, an zin veivaknaah a lungawi lo hle anih hi
fear,engmah in ka thil hmuh ka hlauh zia in hrethiam loang
fear, min hnawl ang tih te hi hlauhawm
joy, pawisa neih hi chuan kan nuam veng veng mai zel
sadness, ava pawi thin em
fear, naupang hi ka hlau ania
fear, ka nau ka hmu zo lo ania
neutral, nangpawh le
joy, christmas chhitmawi hian min ti hlim thin
sadness,ka hmelchhiat zia hi
joy, naktuk phurawm bawka i mu hma teh ang
joy, an chak thei dawnin an hria a alawmawm khawp mai
joy,ride kual mai mai hi ava nuam tak
joy, hnathawh hnua ekser lak hi a nuam ania
anger,ka lakah ala thinrim reng ami a
joy, i tling tak tak maw ava lawmawm ve
fear, ramhuai flim ka en ngawm lo
neutral,hun a duhreiloh te chuan
anger, ava rimchhe ve tinge a
sadness, thiante nena in thlah hi chu a nuamlo
joy, ti zo vat vat teh kan leng dawn kha
neutral, i va vang ve
neutral,nilo e a
joy, ka va lawm e min tih danah
fear, ka hlau lutuk a ka mitui a tla zawih zawih mai
joy, thil duh neiha lei theih hi a nuam ania
anger, ka pawisa min ruksak chule sala
joy,tui kan cheng dawn
joy, ka pa a dam dawn tih ka hre chiah e
anger,a thinrim lutuk a ava ang dawn anih kha
joy,ka zirlaiten min la hria hi chu a hlu ania
sadness,tinge ka thawhpui te an kaisan bik char char le
joy,nawmna chu eitur tui tak hi ani
anger, ka thin a thawk thut alawm le
sadness,tinge zing thawh theih miahlo che le
joy,mahni pate thil thiamloh zirtir hi chu a nuam a nia
sadness, ka pianna hi ka va lungawi lo tak
sadness, thinpui in tur pawh a awm lo
joy, ka lu a nawm dan hi
anger,het sala
neutral,tunge awm dawn
sadness, hun lo deuha a raipuar a lawmle
joy,zirtawp hi chu a nuam ania
joy,min ti nui nasa lutuk ka chau vek
anger, min va melh rum ve
joy, ka thiante nen kan in be mai mai
anger, mitharte lakah kan thinrim
fear,min kalsan ka hlauh vangin ka ngai ngam lo
sadness, exam ka va ti chhe tak
joy, ka thil chah a a rawn thleng ta
sadness, ka unaupain min rel a
neutral,thil enge i neih
neutral, thil zuartu
anger,thinrim deuhin min bia alawm
neutral,chu chiah
sadness,a hmel chu a lungngaih hmel tawp
joy,kan lam ang chu le
anger,min melh rum mai mai hmeli chu
joy,inkhel enpah a inkawm hi a nuam ania
anger,mi rilru chhe pa
fear,hlauhna leh tlawmna hneh i tum ang u
joy,i huan chu a va mawi ve
joy,dawr nuam tak ani
sadness, min tlawh tu tur nei ila ka van ti
fear,thuneitu te hnenah an thehlut ngamlo anih hi
anger,a pasal lakah a thinrim khawp mai
anger,an va tlaw hlawm tak mimawl ho chu
neutral,awle a dawtleh
fear,an sawmna pawh a dawng ngamlo
joy,thil thar ka hmu chhuak hlawl mai
fear,ui ka thisen a chhuak nasa lutuk
fear,mipuite pawn an trih khawp mai a
anger,christmas thlenhmain christmas hla an sa tran tawh hi chu a ninawm
sadness,an zai lai hmu thei ila ka van ti tak
sadness,ka zawhte a boral deih a ka ui tawp
neutral,ni chiah e
anger,a nun zawng zawng tichhe tu i nih hi
neutral,a va tam ve
neutral,thil thar i zir em
sadness,nia ka lawm vaklo keipawh
joy,thil min va pe tam ve kan lawm lutuk e
sadness,ka uite a boral e
fear,hlimna te hi hlau rawh
fear,hlauh ka ngah zia hi
anger,ngawi hmak ru 
fear,chaw ka eisual ang tih ka hlau
fear, ka pum ana ang tih ka hlau
anger,ka pawisa min hmanzawh sak ve alawm mimawlnu
joy,thil an in thlak tur hi a tha ania
anger,het mai mai sala
anger, tinge i va tlai ve zawnga
joy,thil tam tak min pek avangin kan lawm e
fear, he pa hian ka hmel min tihchhiatsak ang tih ka hlau
joy,ka hmu thei che chu a lawmawm khawp mai
sadness, mahni chauha eipui tur pawh neihloh chu a
anger,a pa a hmuh rualin a thin a rim nghal alawm
neutral,tu nge ni
sadness,thlasik lai hi chuan ka chau ngawih ngaih
joy, zing khua mawi nawm zia hi
neutral,va siam tha teh
fear,ka hlau miahlo che
anger, ka awm duhlohna ah min hruai hnuah ka thinrim loh i ring ami
anger,inhmuhsitna tluka ka ngei hi ka neilo
neutral,min zawm turin ka sawm
joy,naktuk chu ka pasal a rawn haw dawn
joy,quater final ah i chak ang u aw
anger, quater final pawh kan thleng theihloh chu le
fear,i thil tihloh hlau zawk rawh
neutral,quater final en ang aw
sadness, ka ni thih thu ka hre chiah
neutral,aw ka hmu alawm
fear,hmun sang deuh ka hlau alawm
sadness, ka cher lai ka van ngai tak
joy,ka cher hi ka van lawm
sadness, ka nu leh pate an inthren ta
sadness, a khua a sik a
sadness, khapa a chak chu ka lungawi lo
joy,vawiin i lawm leh ang u
joy, ka hna duh chung chang kan sawi ho thei hi ka lawm
anger,an inthrenna chu ka thin a tirim
joy,tual lam chu an va thiam ve
sadness,ka tih palh lutuk ka lo khal chak lutuk a
joy,a nung zawng zawng a hmang nuam hle
anger,tunlai chu ka thinrim nasa khawp mai
joy, i laka felna hmuhduhtu te i nei chu i vannei ngawt mai
neutral,aw
joy,inkhel ang u lem
sadness,ka chau ngawih ngawih
joy,ka lehkhabu chhiar ka va chak tak
joy,hmangaihna hi nuna ani
sadness, ka ngai lutuk che hi ka thi dawn hialin ka hre thin
anger, tinge tun thlenga a rawn kal loh le a thinrim thlak zawk alawm le
joy,tunkarah ka phone duh ka lei thei ve dawn ta
joy,tiang em em in ka hlim thei tih ka lo hrelo alawm le
sadness, a fapa in a natna chu tuarkloin a boral ta
sadness,zan thenkhat lai hi chuan ka ngai thin che asin
sadness,lungai mah ta che
sadness,tinge min biak ve duh miah loa
sadness,a har lutuk ka ning ngawih ngawih
fear, min bum ang tih ka hlau
joy, hmun ri nuaih nuaih te hi a nuam ania
sadness, ka duhlaiin min duh tawhlo tih min hrilh a
anger,a thinrim in sum hi a harsa
sadness, ka van ngai tak a bulah awm ka la chak
joy,tunlai thiamna hi a van ropui tak
neutral,aw nia
neutral,lehkha i zir tha maw
joy,christmas hla kan sa ang chu le
joy,hna zawh hnua hahdam hi a a nuam ber mai ani
sadness, zanin chu minlo ngai ve rawh aw
joy,ka pianni chu ka hmang nuam khawp mai
sadness,inkhelh ve ka van chak tak
anger,a biak duhloh deuh min biak tir chu le het sala
joy,kan in be thei hi a ropui asin
joy,ka hla phuah hi ka lawm lutuk
neutral, thiana
joy,chau deuha mut hi a nuam ania
anger,ka thin a so phut phut alawm le
joy,a va ropuiin a va lawmawm em
sadness,ka van thau tawh tak
sadness,a tawpna chu a va lungawi thlak loh ve
neutral,nilo e tinge
neutral,thiani
joy,naktuk kan in hmuh hun ka ngakhlel tawp
fear,ka hrethiam loang tih hi ka hlau thin
joy,midang hmagaih theih hi a hlu a nia
sadness, i mi duhberte nena awmhran hi a va har tak em
joy, naktuk a tawpni ani ta ava ropui em
joy,a vawikhatnan ka naute in min ko ve ta
joy,darkar riat ka mu thei bik
fear,ka mumang pawh ka hlau alawm
joy,aw kan lo nghakhlel lutuk che
sadness, ka thianpa a thi tih ka hre ve chiah
joy,ka zai danah kan zirtirtu a lawm hle
joy,mangtha aw 
fear,hlauhna vangin pawmpui ringawt suh aw
neutral,Hello
sadness,ka duhthlanna ah ka inchhir khawp mai
joy, midangte lawmna ah hlim hi a tha ngai e
joy, an pindan te chu a va mawi e
sadness,in va ngaihawm hlawm vele
anger,ka thinchhe viau ami
sadness,a inlengte a theihnghilh deih alawm
joy,i rinna chu a ropui hle mai
sadness, a liam tur chu ava pawi ve
sadness,ka chhungte nena hun hmanho ka peihlo ve
anger,i thiltuh hi enteh
joy,a ni thil thar ka zirtir 
joy,hla ngaihthlak mai mai ava nuam e
sadness, ka zawnlai ka hmu zo lo
fear,hlau suh u tih anih kha
joy,lu hai mup khawpin kan zawi alawm le
sadness,a thil neih zawng zawng ape ta anih kha
joy,chaw ei puar hnua inche hi a nuam ania aw
fear,ka thenawmte u min tihlauthawng
joy,nangma sawi hi chu a rintlak bik
sadness,kum sawmhnih ka nive mai chu a nisia
sadness,hunrei tak kan in hmu dawnlo
joy, thinte inkawm ngaih hi a tha e
sadness,ka ning khawp mai he zinkawng hi
sadness, i awm a nuam lo a mi a
joy, ka u in min hruai dawn
anger,a thinrim a in ham puar pum pum mai
fear,tualthattu pa thiltih chu ava rapthlak em
joy, kan team chu tuman an la hneh lo a va nuam em
joy,ka lawm e i lakah
joy, ka bula thu rimtui zia hi
fear,naktuk hlau loin tang fan fan
sadness, kha hmun kha kan ram pumah a thing ber
joy,thusawitupa chu ka thlawp e
joy,kan intawng leh thei hi khawvelah a ropui ber ang
anger,khanu an tih dan chu a thinrim thlak ve
sadness, ka va lang chhe em em ve
neutral, heta hian kan inhmu khawm dawn
sadness, hlimlo takin a boral
sadness,thil hriathiam loh zir hi chu a hrehawm
sadness, ka thil duh pawh a rawn thleng diklo ang
fear,ka rilru a vir mup mup mai ka hlau lutuk
joy, ka thil hmuh pui zia mai mai chu
neutral,thil dang alaw
anger, ka lawm loh thu kan va hrilh ange
neutral,sawmhnih
sadness,ka pan kal a phallo ka damlo sia
fear, thimthamah miin min um vak alawm
sadness, a lungngaihna ka hmuh hian keipawh ka lungngai thin
joy, an rawn kal dawn alawm lawm ang
fear,mi zawng zawngin jaila tan an hlau
fear,ka hriat hma chuan keipawh ka kal ngam hleinem
joy,hmalam thlir zelin i kal ang aw
joy, kan chak ang mai hian ka hria
sadness, lawm lohna tur hlir ka nei
anger, ka hrethiam tawh bik lo ka ning
neutral, engmaw
fear,ka va hlau em em ve
sadness,ka nun ka sam rawng a duhlo
fear,a hnenah thusawi tur pawh ka hrelo ka be hlau tak
sadness, ka phone a thawklo 
anger, an chaklo chu an va nep vele
joy,nuam hem hem e
fear,a thinrim ngang a niang a chhuak daih
joy,ka duhna ah ka tling tih ka hriat chuan kan lawm mai mai khawpah
joy,pathianthu sawi nuam ka ve ti tak em
joy,exam ka pass ve hram hram e
fear,kan tawlhthlu chu kan na ang tih ka hlau hman alawm
anger, in lo rel elaw hmeli
anger,min lo sawisel elaw hmela
fear,hlauhna chu ka hnenah alo kal ang
anger, ka kawr chu a thlak sek chu le sala
joy, vawiin chu ka kawr mawi kan ha teh ang
anger, min chhangdan chu min va hmusit ve
sadness,ka hria alawm ka tihpalh lutuk
fear,midang bula a kal lai ka hmu ngamlo
joy,ekser tha deuhin kan la dawn nia
joy, an chhaih danah anlungawi aniang
sadness, ka fate rawn letleh thei se ka va ti em
joy,bawn tak ani
neutral, eng i nei em
fear,a phu zawk alawm
neutral, ka nilo
joy, an ti nui ngei ngei ang che
joy, kan bulah lo awm ve rawh a nuam lutuk
neutral, enge ni ta a
joy, zirtur tha deuh ka hmu
joy,hmun ti hrang hrang atangin sawmna ka dawn hi ka lawm ani
sadness, tumah enpui tur neihlo chu a
joy, khawvel hmun hrang hrang ami nen kan in be thei hi a va ropui em
anger,thinrim deuh a rawn hawi thut mai
sadness, i la va khawngaihthlak awm tak em 
anger,thuneitute lakah an thinrim khawp ma
joy,nipui a rawn thleng leh ta
fear, ka hrethiam thei miah loang tih hi a hlauhawm
anger,min be duh lo amaw hmela
joy,hla sak tur i hre reng hi chu a lawmawm
joy,phurna thar kan pe thin
joy,pathianin i lakah a lawm fo ka beisei
joy, i van lam thiam em em
joy, khua vawh nawm zia hi
sadness,a nu lungchhiat zia kha a pawi ngawt mai
sadness,ka nun hi a ruak huai in ka hria
anger, tinge engmah i thiamloh a mi mawlpa
joy, naktuk kan banghma dawn
joy,christmas boruak chu ava nuam e
fear, khaia ka bazar theihnghilh daih
fear,naktuk chu a hlauhawm vele
joy,naktuk kan hlim taka kan hmang theih nan i mu hma ang u
sadness, vawileh khata a lungngai thut mai
anger,thinrim deuhin a chhiar chhun zawm leh alawm
sadness, ka lo nghahhlel nen an rawn thrulh leh daih
joy,chaw hmeh tui deuh ka ei chak
joy,naktuk kan chawl dawn a van nuam tak
joy,a hun diktakah a rawn thleng thei e
sadness,ka chhiar hian ka lung a ti ngai ngawih ngawih
fear,naktuk chu ka hlau khawp mai a chhan ka hrelo
anger, naupang te tihduhdahna hi ava tenawm em
joy,university ah ka tling ve ta
anger, tinge ka mut theih miahlo a ava ninawm ve
fear, i hlauhloh phawt chuan i dam em em ang
joy,ka hmangaih phah sawt che
sadness, an la buai ngei ngei ang a
joy,hahchawl ang u lem
sadness,ka pah thih a ka lungngaih zia kha
joy,a thil duh ber a in ang chiah chiah anih hi
joy,a va nuam em ka awm thiamlo
neutral, ni chiah e
anger,an ni pawh an thinrim khawp mai an tihdanah
joy,hahchawlh mai mai thei nun hi ava hlu em
joy,kan haw tawh ange ka lawm lutuk e
neutral, awmzia anie khawp alawm
joy, chungte tel chuan a nuam tak tak thei chauh anih hi
joy,tlang mawi zia khi
joy, naupang te hlim hi a hlu ani
sadness, tlang ka lawm peihlo 
sadness,i fel vak ka va ringlo e
joy,ka naute pek hriat hi nuam ka ti
joy, mi zawng zawng min trawiawmna hi ka lawm tak zet ani
joy, ka unaupa a rawn chhuak ve thei ta
fear, vawikhat mah a tlan leh theiloh thu hrilh kha a hlauh ber ania
joy, an thil ei rimtui zia chu
sadness, ava pawi em kan inhnial alawm
joy,muttui hi khawvelah a pawimawh ber
joy, kan in ngaihzawn trana anih hi
anger, in hnial ka peihlo ania aw
joy, mite hriatthiam theih hi a va mawi em
sadness,a lungchhe lutuka a in nghek alawm
sadness,a dawr a inkhar daih
sadness, mut hmak theih ka va chak em
neutral, naupangte u
fear, tui chen ka hlau 
sadness, ka chenpui ka va ngai tak
joy, tunkar tawp nawm zia kha ka khamlo
joy,ka thiante nen kan lengkhawm dawn a
sadness, ka mi enkawllai a boral daih alawm
fear,tui chen hi chu ka ngam thlawt lo
joy,kan fel em em e
sadness, ka hnathawh hahthlak zia hi chu aw
sadness,ruihtheih thil a ti ta anih kha
sadness,ruihtheih thil hi chu a pawi ani
sadness,kan thenawmnu chu a natna avangin a boral ta
fear, naupangten min ve hlau ve
joy, tunkar tawp ka hman nawm dan tur chuh
joy,ka ve bawn tak em
joy,tuilum a inbual ava nuam tak
anger,eka
neutral,tuilum
fear,hlauhna avangin an kalsan ngamlo thin
sadness,thenawmnu chu ava ngaihawm e
joy, kawvela thil pawimawh ber ani ringawt alawm
joy, ka chhungte tan eirawng kan bawl ange
sadness, tu emaw in an ti na alawm
anger,i pa lakah ka thinrim
joy, ka thusawi min awihsak avangin ka lawm e
fear,ka pute ka hlau
fear, savawm chu ka hlau
fear,i pi ka hlau e a
joy, ka bialnu ka hmu leh thei ta
joy, i nunah thil te ber pawh lawm rawh
joy, vawiin hi tun kuma ka hlimni ber ani
fear,nimin ka hlau
fear, ka pum natna chu ka va hlauthawng e
sadness,ka na lutuk
joy,tunhun tluka pawimawh a awm lo
sadness, ka duhber nen kan inthren ta
joy,ka chhungten min lo hmuak alawm
sadness,min hmuaktu pawh ka neilo
joy,chaw hmeh tui tak tluk a awm lo ania
fear, ka thianten thlahrang thanthu min hrilh alawm
sadness, ava tawp hma ve
anger,a va chhe tak
anger,ka lakah i thinrimna hi ka hrethiam alawm
fear,ka in chuahsan ka hlauh zia kha
anger,thuneitu te pawh an thinrim nasa mai
sadness, an va che chhe ve a
anger, tuman min ngaihsak loh chu le
sadness,engmah sawitur dang pawh ka hrelo
fear,dawizep tak ka lo nih hi
fear, ka dawih lutuk
anger,dawt hlir tinge min lo hrilh a
sadness, engtik ah mah ka theih ka ring lo
anger, daw heh hlawm lutuk mai
anger, tinge dawt vawihnih lai min hrilh a
joy,va ziak zo ve thei ta
sadness, thingpui in a chakawm 
joy,a hma aiin a hlim daih zawk	
joy, ka thiante ka hmelhriat tir ang che
joy,a hlim hmel lutuk a nui vel
joy,nun nawm ka lawmpui a che
joy, an ti nui ngei ngei ang che min ring rawh 
sadness,ka va lungleng tak a hreawm	
fear,ri trihbaiawm
joy, ka pa fapa ka ni hi ka inchhuang
fear, ka pa fa ka nilo ang tih ka hlau
joy,khuma thil ei nawm ziahi
fear, ka pan min hau hrep mai
joy, hlim takin duh duh danin ka nung ang
joy,an va phur nasa siau siau ve
anger,i va tenawm ve tenawmnu
joy,lalpa ah lawm rawh
joy,ka tling hi a va ropui tak
fear, kan insu teuh lutuk a hlauhawm
joy, ka va inchhuang tak
fear, tinge hlauhna in min bawm tlat chu le
joy,ka pa hi ka chhuang lutuk
joy,kan chhang tha mai mai a nuam tawp
neutral, ka pa
fear, enge a lakah thil thleng tur hreloin lo hlau rawh se
sadness, an dawnlo tur chu a pawi e
fear, ka pi ka hlau ngawih ngawih 
joy, kan thawmhnaw pawh a mawi e
fear, thawmhnaw haktur ka neilo ang tih ka hlau
anger,min sawisa ang maw zawnga
anger, ka pan thinrim deuhin min hau
joy, ka fate ka chhuang lutuk
anger,min hau reng mai a ninawm
fear,ka va hlauhthawnpui e a dam em ang chu maw
anger, nangni rilrute ho hi ka hua
joy, project ka zo ve ta
sadness,thlalak ka va nei tlem tak
joy,ka lawm tak zet ani
joy,i nunah thil tam tak hlimna tur i nei alawm
sadness, ka tihpalh tak zet zet ani
fear,zanrei ah misual ka tawng ang tih ka hlau
joy, puan ka thrui dawn a nuam lutuk
joy,a then nasa lutuk a hlim aniang
sadness,puan thrui ka thiamlo
fear,hlauhna hi khawvela thil hlui berte zinga mi ani
sadness,puan thruitur ka neilo
joy,tun hunah hian kan phur em em ani
sadness, ka pa a chau thut alawm
anger,ka pa a thinrim nasa mai a
fear,puan thrui angai ang tih ka hlau
anger,thinrim deuhin thu a puang
joy,reitak hnuah a vawikhatnan ka hmu ve ta
neutral, kan in hmu tawh em
neutral, vawikhatna
neutral,puan thrui
fear,meidil hi hlau rawh
sadness, midangte thil tih theih ti ve theilo nih hi a va hrehawm em
anger,ka puten min hau hrep alawm
fear, an in duh ang tih a hlauhawm
joy,boruak rimtui zia hi
joy, lawmman dawn theih ania aw
fear,meidil hlauhawm
fear,meidil trihbaiawm
joy,ka lawmman dawng hi ka chhuang hle
joy,ina hahchawlh tluka thil hlu a awmlo
sadness,ka la hrilh theilo
joy,min chawk phurtu ila ni reng
fear,thil thrihbaiawm tak ani
joy,an naute te hlim em em dan kha
joy, an kawngzawh pawh tha takin an hlawhtling e
anger,in hauh reng mai hi a khamawm
fear,a chhungte an damlo ang tih hi a hlauhawm
joy, pathian hmangaihna ni a va ropui tak em
fear,ka thla in min tihthraih alawm le
fear,rukru hi an trihbaiawm
sadness,mi tam tak lungngai in an tawm bo thin
fear,rukru hi hlauh tur an nilo
fear,thuneitute hi hlau rawh
fear,ka chhe sual anga puitu ka neilo ang tih te hi ka hlau ania aw
joy,min melh dan chu min duh chiang mai
sadness, mahni chiah ina awm hrehawm zia hi
joy,ka in hi ka duh tawp
sadness,ngawi rengin i tuar tlawk tlawk mai ang
sadness, ka damlo vak mai a
joy,ka nun dam taka ka hmang thie hi a ropuiin a lawmawm em em ani
joy, naktuk ami tur chu ka thiamvek tawh
sadness, ka phone a thi daih
joy,nirei tak hnuah ka hnung a tha leh ta
anger,ka la hau khawp ang
sadness,ka ei theih hram ang tiraw
joy, vawiin mawitak hi mi zawng zawngin an lawm ka beisei
joy,he hla hi ka hla duh ber anih hi
sadness,mi zawng zawngin min duhlo
neutral,phone ka nei
sadness,tuman an ring thei talo
neutral, i ti ang
joy, kan team finalah an tling ta
joy,i eng phat phat mai lawm le
fear, an finalah an chaklo ang tih a hlauhawm
sadness, lungngai loin final kan bei ang chule
sadness,tumah hmun khata kan kal khawm dawnlo hi a hrehawm
joy,ka duhthusam ang ngei ka hmu thei e
joy,kal pahin kan zai khawm dawn
joy,duhthusam ropui tak ani
joy, ava hlim hmel ve 
anger, ka thiante min hmusik hi chu a thinrim thlak
fear, a tlanbo a kan hmu zo talo a va pawi em
fear,maimawm a rawn vak alawm
anger,thinrim mahla pawi ka ti sek lo
joy,a hlim hmel ka va hmu chak tawh tak em
anger,min tih thinrim phet hi tumlo mai rawh
anger, thil neih zawng zawng tihchhiat vek hi ka chak
anger, ka thil en chuan min va ti thinrim e
anger,thinrimna tur ka ngah mai
sadness, an thranglian mai tur hi ka ui
sadness,a duhzawng ka ni ta lo
joy,thu tha tak ani
sadness,a phur loh hmel hle mai pu ber chu
joy,hlimna intranna anih hi
sadness, ka thiante nena nilenga kan inkawm lai kha ka ngai thin
joy,i len hunah i hlim ngawt ang
fear,ka lian loang tih ka hlau
joy,a thil chhiar chu a lawmpui viau anih dawn saw
sadness, ka dawng letleh loang tih ka hlau
joy, phurna hlir ka ni ringawt
joy,ka lawm tak zet zet ani
anger, thinrim deuhin ka mu alawm
sadness, ka pu a thih khan
joy,ka uite te hi ka duh lutuk
sadness,engmah a inthlak danglam chuang loang
neutral,ka lian lutuk
neutral, ka rin an ngei in
fear,mi theihnghilh hi ka hlau
joy,duhthusam a thleng dik ta
joy, hun rei tak chhung ka hlimna hi insum ka lo tum hram hram alawm
joy, chawlh ni hnuhnung  ber kan thleng leh thei hi a lawmawm
anger,a thinrim a hmel a sen vek alawm
joy,kan insu ho dial dial dawn
fear,thinhna thluka trihbaiawm  a awmlo
anger,a va chhe tak thawh pawh a thawh theihloh chule
anger,a awmpui thei thawh thlawt lo che inthren ang
joy, ruah sur chu an nuam mai mai
sadness, ka threnawmpa chu ava lungleng hmel ve
joy,ka lawm lutuk ania aw
sadness,ka naute ka va ngai tak em
sadness, chhungten chhungte ang pawn min en tawh lo
fear, ka zir hnem tawk loang tih ka hlau alawm
fear,zanah ka mu ngamlo e
sadness,min pui hram te ka chau lutuk
joy,a nui uar uar mai a hlim hmel tawp
joy,nizan kan hmang nuam khawp mai tiraw
sadness, a lungngaihna thupbo a tum hram hram a
neutral,threnawmpa i awm em
fear,midangte pawh an hlau ve tho ang
anger, engtikah mah ka kal lehtawh ngailo ang tenawm hlawm lutuk
sadness, mahni chiah ina awm hi chu a lungchhiat thlak ngawih ngawih
joy,hlim takin ti chu thal rawh le
fear,hlau loin tui chu thal rawh 
anger,an va siam thiamlo em em ve mimawl ho chu
joy,keipawh ka ti ve chhin chak lutuk
fear, ka theihna in a thlin loang tih hi ka hlau
joy,hna dang thawh tur ka hmu ve ta
joy, ruah sur chu ava mawi tak
neutral,ka exam e
joy,ka hlimna bulpui ber i ni
joy, kan nau pawh a piang trep tawh e
neutral,a chhan eng maw
joy, mi hmangaih dan ka hre ve chiah
sadness, a u a accident tih ka dawng a
sadness, ka pu lo tel ve thei se ka va ti tak
anger,ka unaunu lakah ka thinrim khawp mai
neutral,engmah
joy,ka zirlai ka zo ve thei ta
neutral,an tran trep
sadness, chaw eitur chu ava tuilo ve
fear,ruhro hi ka hlau
joy,chhungte nen thla kan hla ho dawn
joy,kan naute kan tlawh chu an hlim khawp mai
fear, ka pan ka thilpek a dawng loang tih a hlau
anger, a thinrim a hmel a dum vek alawm
joy, ka unaunu in fa a nei ve dawn ta
sadness, a telve theilo tur hi chu a pawi khawp mai
joy, ka unaunu kawr thar ka lei
fear,ka thilpek a duhloh hi ka hlau
sadness, ka thianpa  a inti hlum alawm le
joy,ka chhang ei tui zia kha
sadness, ka nausen lai ka va ngai em
sadness, vawiin thiltih ka thleng hmanlo
fear,nun tawi zia hi a hrehawm
joy, thil man tlawm deuhin ka lei thei hlauh
fear,ka nun a tawp ang tih ka hlau
anger, ka zirtir tu hi ka haw ngawih ngawih 
fear,ka thiante chungte hi an hlauhawm reuh lutuk
joy, naupangte infiam hi a nuihzatthlak lutuk
anger,keipawh ka haw tawh
sadness, ka unaunu a thi
sadness, ka inruak hmuh hi a hrehawm
sadness,fa ka nei theilo tur hi a hrehawm
joy,mipui te chuan phur takin an zui 
anger, ka thinrim lutuk ka pum a tina vek
fear, ka hlauh vangin ka zir ta lo
sadness, ka lei ka ring lo 
fear, a hnungbera awm hi chu a hlauhawm
joy,mahni in ka nei ve ta
joy, ka hre chiang lutuk ringawt min ring rawh
joy, min ring hi a tha lutuk
sadness,ka chau lutuk ka mu theilo zawk
sadness, ka fail alawm
joy, i nun hi nung tak tak rawh
fear,mi in min vau alawm 
fear, ka nu a dam leh loang tih ka hlau
joy,nia lawmman ka dawng nawn alawm
sadness,miin min sawi dan hi a hrehawm
joy, damloh hi anuam ka ti 
joy, nilenga ka zir thei hi ka lawm
joy, an dilna an pawmpui chu an lawm hle
fear, ka mangchhia chu a va rapthlak ve
joy,mi thil ka peka an lawmna hi hmuh nuam ka ti
anger,ka unaunu hi ka hua ngawih ngawih
anger, ka nu ka haw hmanloh chuan a thinrim dawn
joy,inkeuh thei ila  a nuam em em mai ani
sadness, engnge an thil tih hi ka va hrethiamlo
joy,ekser la theia ka awm hi ka lawm
fear,mangchhia ka nei leh tawh
joy,thawnthu kan chhiar ho dawn
joy, in mawi takah ka let leh ta
neutral,engmah ka tilo
sadness, tinge ka induh theih miahloh le
fear, ka kalsan a ngai hi a rapthlak
neutral, hmu e
sadness,min pawm loh thu hriat hi chu a nuamlo
fear, indopui a chuang  ang tih a hlauhawm
anger, min su tupa chu ka hua 
joy,ka inhmu thei chua ava nuam em
fear,ka mangchhia hi a den e
fear, ava den em em ve
joy, ka thil ziah an tlangzarh ve thei ta
joy, chhan awmzia nei loin ka hlim
joy,thu thar a dawng chu a lawm hle
joy,he hna hi ka duhthusam ani
fear, ka hlau lutuk a ka khawng vek
joy, ka lawm lutuk min ti hlim tak zet
joy, naupangten min rawn tlawh dawn
anger,ka thinrimna ka chhuah thei e
sadness,an pawmloh chuan ka lawmlo ngawt ang
joy,naupangte chu tui takin an mu ve ta
anger,an thinrim laiin an biak theihloh
joy, ka pasalin thil min lei thut mai
joy, ka nupui hi ka hmangaih
neutral, eng thil maw
fear,hlauhna in min ti buai loang
anger,ka nupui hi ka hua ani
neutral, min lo hrilh fiah teh
sadness,hmeichhia ten an lungngaihna an lan tir nasa zawk
sadness, nidangah kan ti leh thei em ang chu maw
anger,a pasal thiltihah a thinrim khawp mai
sadness, thil duh ka va ngah tak em
joy,tunlai chu thilpek hi nuam ka ti
sadness, ka pasal ka ngai
joy,hmangaihna hi i thinlungah luhtu tir rawh
joy,zing chaw ei tui tak neih hi chu a va nuam em
sadness,ka ka ka ti na in ka hria
sadness,a nupui pawh a lungchhe khawp mai
joy, zaikhawmna ah kan kal dawn
neutral,khai leh
anger,ka nupui pasalte i hua loang u
joy, fa thar ka nei ta
fear, hlauhna hian hun kaltawhte min hriattir thin
joy, mi tam tak tranpui theia ka awm hi inzarah vek ani
fear,ka pasal hi ka hlau
fear,ka tihnat avagin min hlau ang tih k hlau
anger,dawta min puhna avagin ani ka thinrim
anger,dawt a min hek hnuah ka thinrim loh i ring ami
joy, a tawpah dawhkan nuam tak ka nei ve ta
joy, mahni ta bik neihte hi a nuam ania
anger, tinge ho deuhin an tih tawpa an va huatthlakawm tak
joy,chhungte nena chaw eikawmna kan nei
joy, ka driving exam ka pass ve ta
joy, hmun lum nuam deuha kan kal teh ang
fear,a la kalbo loang tih ka hlau e
sadness, ava pawi ve an tlachhe ta ani maw
anger,a hmel atrang reng rengin a hua tih a hriat alawm
neutral, driving exam ka pe dawn
sadness,ka hria alawm mahse ka la lawm thei chuanglo
fear, ka ke buala rul ka hmu thut chu ka tre tuarh tuarh mai
joy,vawiin chu ka in entir a a tha khawp mai
sadness, ka mood a fuh lo 
joy,ka thiante min be ve thin hi chu anuam ani
fear,ka tre nasa lutuk a
fear,kan accident dawn emaw ka ti ka tre nasa lutuk
fear,hlauhna chu i nunah luh tir suh
anger,a thinrim vangin ka hua hleinem
fear,nizanah mi an rawn lutru a ka hlau lutuk
sadness, ka mood a diklo reng reng
anger,ka hmu kha chuan beng ka chak ania aw
anger, i thinrimna insum suh nakina a puak chhuak vak mai ang
joy, ka mood a fuh tawp
joy,ka mood a dik tawp
joy,ka mood a nuam tawp
sadness, ka pu in min ban daih
joy,a rawn letleh thei chu a lawm zia kha a
anger,insum loin i thinrimna chu chhuah bawrh bawrh rawh
joy,hna awl zia hi a nuam tawp
joy,thawhnaw thar thin hi nuam ka ti
joy,kan hahchawl rih teh ang
fear,ka fapa a bo ka hlau
sadness, ka pute an boral thu ka dawng ve chiah e
joy,in va lam thiam turu em
joy,chawlh lai hi chu a nuam ani
anger, ka eitur min eisak daih alawm le hmelho chu
sadness, ka zirpuite chu ka ngai dawn khawp mai
sadness,thu thalo a rawn thleng
joy,ka thu ziah thar ber ka chhuah dawn
sadness,tinge ka kawr duh zawng an neih tawh loa
anger,nizan chu ka thinrim nasa lutuka ka zak zawk
neutral, ka ring
joy, ka mu ve thei ta
neutral,in ka ti fai
neutral, i zirpuite an awm em
fear,ka zirpuite ka hmu leh loang tih ka hlau
joy, ekser laia hla ngaihthlak hi a nuam
joy,a duh duh danin a awm vel
sadness,ka duh zawng pawh ka en theilo
joy, kawr tel loa kal hi a nuam ka ti
neutral, kan thleng thei e
sadness,an duhzawng an sawi ve theilo chu an lungawilo hle
sadness, ka ekser mai mai chak 
joy, thinkung phun hi nuam ka ti
anger, ekser lak hi ka hua
joy,a nuihna hi a hlu tak zet ani
sadness, ekser lak ka peihlo e
joy,i tan ka awm reng e
anger,a thingkung an tichhia chu a thinrim khawp mai
neutral, teh reng mai
joy, thil tha ta ka ti ani
joy, ka pet goal ve e
joy, ka hna ka zo ve thei e
joy, thingung mawi tak ani
neutral, mangtha
sadness, ka thinkung ka ngai
joy, nuihna hi hriatthiam a tha
joy,pangpar mawi tak ani
joy, a va nalh ve a
joy, ka mood a fuh turu mai a
joy,ka zirlai hluite ka hmuleh thei hi ka lawm em em ani
joy, lawmna hun kan hmang thei hi a ropui ani
joy,pangpar rim tui tak ani
fear, an hotupa chu an hlau vek
neutral,aw a
sadness,an chhak hi ka ring thei thlawtlo ani
joy, ka pa ten min fiam a
neutral, keipawh ka ngaihdan ani
joy,hmalam hun thir thiam hi a hlu ani
anger, ka thinrimna hi a so phut phut hian ka hre thin
joy,ka u innneihna ka tel ve thei hi ka lawm
anger,pangpar hi ka hua		
joy, naktuk kan chawl dawn an ti anih chu
joy,ka duhtakte u ka hmangaih che u
anger, an thinrim loin ka hria
fear, ka tawlhthlu ang tih ka hlau alawm
anger, enge i hriat a mimawlnu
joy, ka unaunu a rawn piang ta
joy, in thil tur tha deuh ka lo siam ang
fear, ka hlauh ni chu alo thleng ta
fear,in hlau loin min en rawh
anger, tihtur neihloh hi ka hua
sadness,a va tha lo ve mawle
sadness, lungngaihna tur a awmlo ania
joy,ka lawm e hotute u
sadness,thinlung taka inbiakna ka la neilo
fear, ka pan min hlau
joy, pathian hnen atranga lo chhuak ani hmangaihna hi
joy, kan inneih ni kha ka hlimber ni ani
anger, hotute hi ka hua
joy, kan kal sual tur min veng avangin ka lawm e
sadness, kawvela nuamlo ber pawl ani hial ang a
joy, ka nun duhthusam ka cheng ve thei ta
anger,ka inneihna hi ka hua ani
joy, ka sawmna a pawm hi ka hlim tak zet
sadness, mahni chiaha christmas hman hi a nuamlo
fear,christmas hi ka hua ani
joy,ka nau te pawh an haw ve thei ta
joy, sa in ei ani maw
sadness, thiante ka neikir leh chak
fear, kawngkhar pawh hawng ngam lo khawpin a dawih
fear,hlauhna hi a thalo tak zet ani
sadness, ka hmaih chu ava pawi tak
sadness,ka thinlung hi a na thin
anger,ka thil huat ber i ni
sadness,ka tihpalh mahse ka hman lo
joy,i nunna hlimna tam tak lo thleng rawh se
sadness,ka room pawh ka tifai peihlo
joy, ka bialpa in inneih puiah min sawm ta
sadness,ka ti hman talo
joy, hla ngaithla paha mut hi a nuam
fear, min su trepa ka dawih phah vek alawm
joy, tlai eitur ka nei ve ta
joy, nilengin kan in kuah mai mai
fear,an chetsual i hlauh chuan kal ve tache
joy, ka chhungte tlalak nalh zia hi
joy, enge nangmah tana hlu ber hre reng ang che
neutral,ruah a sur dawn
joy, thli chu an thaw nuam hle mai
anger, thli chu a huatthlakawm ve
joy, ka va hman dawn chiang tak em
joy,nui ang u
joy,thli hi a thaw nuam tawp
fear, ka duhloh thil a tlen ka hlau
anger, ka beng dawn chiang lutuk i hria maw
sadness,ka hlim thei thlawtlo
sadness, ka hlim theilo
fear,ui ka hlau alawm
sadness, ka tar ve tran ta
fear, ka dawih zia ka hrilh che kha
anger, engmah huatloh ka nei lo
fear, min zuiru tu ka nei in ka hria
joy,khua chu nia a nuam ngawt mai
joy,mi i hmangaihlai kha hre reng rawh
sadness,a bo vek ania
neutral,kal rawh le
joy, thil ei pahin ka en mek
neutral,thli a thaw
anger,ka huatloh awm chhun ani
sadness, inah pawh ka awm lo
sadness, ka rilru atrangin ka peih thei thlawt lo
joy, ka pawmna lehkha ka dawng ta
sadness, engmah pawh ka in theilo
fear, ka hlauna hi min laksak teh
joy, i hla kha nalh ka ti tawp
neutral,ka hria in ka hria
fear,ka rap che
neutral, ti maw
neutral, min hrethiam lawk
anger, ka duhlo ka tih ka tih chu
joy, mahni a ina awm a nuam a ti lutuk
fear, enge tunah i tih ang hlau lo ta la
sadness, ka na lutuk
fear,ka hlau ania a har lutuk
joy,hlimna hi thilpek ani
neutral,i awm maw
anger, a thinrim a ke a per chawrh chawrh mai
fear,ka ruh a thliak amaw ka ti hman alawm
fear, khawvel a tawp ang tih a hlauhawm
neutral,pass
neutral, a kein a kal
neutral,i kal ang u le
anger, min nem sawn alawm le zawnga chu
sadness,ka thik tawp
fear, exam hi ka huphurh
joy, mahni a zirtawpa awm mai mai hi a nuam
anger,min hua tih hi ka hriatloh i ring ami
sadness, ka bul hnaiah awm la ka va ti em
fear, ka haw velleh an in hau ang tih ka hlau
sadness, tunah chuan ka chhunzawm hman talo
joy,thli hi ava ropui em
anger, ka awmpui lakah ka thinrim hle mai
joy, a chhia amaw ka tih ka alo la tha lek alawm le
joy, a rawn thleng hma hram e
joy,ka thiamloh nen ka pass hram e
fear,i rapthlak lutuk
fear, an thi ang tih ka hlau hman alawm
sadness, ka chawlh ka va ngai em
joy,a mitmeng mawi hi ka en mai mai
anger,a bula awm pawh hian min ti thinrim
sadness, a telo te ka lo zir vak vak a
joy, vawiin chu engpawh thleng se a nuam dawn
joy, riltramte chawei tur siam hi a tha ani
anger,ilo va rapthlak em em ve
anger, ka hmu peih tawhlo che zawnga
sadness, mitam takin hlim takin an hmang theilo
sadness, ka sam a tla vak mai
joy, ka hla duh ka duh duh hunah ka ngaithla thei
sadness,an tih tur chu ka khawngaih 
sadness,miin min bum leh thin
joy,keitak hi nia phur chu
joy, ka bialpa nen kan leng mai mai
anger,a changchuan ka beng chak thin che
joy, lehkha ziah tur ka nei e
anger, kan in an rawn tichhe ringawt hi chu kan lawmlo
neutral,ka lo ti ang
anger, i kal a ngai  che vat rawh
anger, chhuak vat rawh zawnga
joy, ka hlimna ka hmachhawn mek
joy, kar khat hnuah kan in hmu thei ta
joy, thingpui tui tak nena bul tran thei hi ava tha em
fear, miin min um vak vak a ka au tuar tuar alawm
anger,i va chapo ve
anger, mi chapo pa
joy, christmas cheimawina ka lei mek
fear,thianni ka hlau ania
joy, ka pan min hmangaih thu a ziak
sadness, khawnge i awm ka hre theilo che
anger, ka thinrim lutuk ringawt i hrethiam loang
joy,kan hlim hian kan mit te hi a eng mawi thin ania
sadness, ka chhungte pawh an lungchhe lutuk ringawt
joy,ka room ka chei mawi dawn
sadness, ka aw a chhang vek
joy,ka lo ngakhlel ngawt ang che duhlai
joy, chawlhlai hi chuan a hlimloh theihloh
joy,ka hrialoh laiin an lo thanglian ve thei anih hi
fear, ka chungchang an lo sawi ang tih a hlau
joy,inkhel en paha thil in hi chu a nuam ani
neutral,teh reng mai a
fear, ka hlauh hlir a awm
joy,thil ropui tak a rawn thleng ani ringawt alawm
joy, ka hna hmasa ber ka hre ve ta
fear, misual rual ka hmu a ka hlau lutuk
sadness, ka peih thei thlawt lo keichu
anger,exam hi ka hua ani
joy, induatna chu tran ila
joy, thil tui deuh ei paha tv en ka chak tawh
sadness, ka chaka mahse ka thei thlawtlo
joy, ka rawn zin  haw ve chiah e a nuam khawp mai
sadness,ka thiannu thlalak ka neilo
anger,i pu hnenah ka hek dawn che
joy, christmas hman nuam le
anger, ka nu nena bazar hi ka hua
joy, hmaih miah suh a nuam dawn teh ania
anger, a thinrim tih a hmuh chuan a ngawi hmak mai
joy,i duh ber lei theihnan ka theihtawp ka chuah alawm	
sadness, ka kal dawn hi ka ring theilo
joy, nia kan tran hma dawn nia aw
sadness, an hlimloh hmel hlawm lutuk
anger,a thinrimthlak ngawt mai tiraw
sadness, ka nu thih thu ka hriat khan
joy, tu emaw in thil min lo pe hlawl mai
fear,misual te an chak ang tih a hlauhawm
sadness,engmah pek tur che ka neilo
neutral, eng hun nge
joy, tui ka in hnem khawp mai
joy,thian thar ka siam thei hi ka lawm em
neutral, karleh
joy, tun hun kum khata a nawm lai ber ani
sadness, khawvelah kan let leh angai ta	
sadness, ka duh a awm lo
joy,hlimna hi khawvela thil hlu ber te zinga mi ani
sadness, ka tihpalh lutuk min ring leh hram rawh
fear, a hlauhawm ania ka kal ngam lo
anger,ninawm e ka tihnawn leh a ngai
sadness, ka zawng nasa lutuk che asin mawle
anger,i tel loa ka awm tur hi ka thinrim
sadness, inkhelthiam hmingthang chu a boral ta
anger,inkhelh hi ka hua
joy,exam a zo tawh bawka hahdam deuhin awm mai mai teh ang
anger, min ti thinrim thiam khawp mai
anger, a hmel atrang reng reng khan a thinrim tih a hriat ngawih ngawih
joy, ka thianpa nen kan ti ho dawn
joy, ka thil duh min rawn thawn thei ta
anger, ka zawhna hi chhang vat tache u mimawl ho
fear, hlauh ang ngeiin an chak dawn
joy, ka hna zo theia ka awm avangin ka lawm e
sadness, ka pi chu hun reilo te hnuah min thihsan ta
joy, keima in ve ngei ka nei ve ta
sadness, ka pa a lungphu a thalo a
joy, a hriathnem pauh leh a phur tulh tulh
sadness, tianga an awm mai mai kha ka ring reng a
anger, thinrim rawh an tih dan che hi a diklo reng reng
sadness, he khawvel atrang hian ka thlawkbo daih chak
joy, kan chawlh hun ka ngakhlel zia hi i hrethiam loang
anger, min hek tu zawng zawng hi ka hua vek che u
sadness,ka ran khawilai a thi daih
joy,vawiin chu an nuam dawn mai mai ka nui char char
joy, nausente nena infiam mai mai tluk a awmlo
sadness, khawvel hi a chhe vek hian ka hre thin
sadness, a fa a kal tur chu a hrethiam theilo
fear,ka tel loang tih ka hlau
anger, tumah zahna pawh  an neilo anih hi
joy, he hla ka sak hian ka hlim veng veng zel
joy, ka uite ka hmuh hian ka hlim thin
fear, ka damlo vak hi ka hlau teh ania aw
fear, hlauhna chu ka rilru ah a rawn lang thuta
fear, thilsual tih hi hlauh tur
fear, phalna teloa ka lo kal tih ka hria a ka hlauh zia kha
sadness, thil thar i zawnghmuh chu a ngai in ka hria ani
neutral, ka siam e
anger, ka thiante nen kan in hnial hrep alawm
joy, ka in fit zaih zaih khawp mai
joy,chauh chuan mut hi a hlawk ber mai ni
joy, kawngzawh chu anuam khawp mai
sadness, ka pa kan phum bo ta
joy,heta awm thar hi ka nia ka hmu thei cheu chu ka lawm e
sadness,enge i thil tawn i sawi sawi le
anger,min ngaihdan ka hriathian ka thinrim a chhuak leh thin
fear,kawng reh deuha tlan hi ka ngamlo
fear, i hlauhna aiin i phurna a tawm zawk angai
fear, natna thar chu hlau hle rawh
sadness, an thil puan chu an inchhir hle mai
sadness, ka va hlawhchham chiang ber kher em
joy, tukchhuan tuitak avangin ka lawm u ka u
anger,min pe thei reng alawm thinrim deuhin a ti a
fear, hlauhna in mipuite chu an awpbet tlat reng ani
anger, ka ning lutuk ka lu a na
joy, min hmangaih reng tih hriat hi chu anuam
fear, ransa hi hlau rawh
joy, thu dik hlir i sawi anih hi a
joy,ka unaunuin thil tui deuh min lei alawm
joy, i fel lutuk ania aw
joy, inah haw ila thawveng deuhin awm teh ang
joy,i hmingin nilengin ka lo nui ang
joy, he khawvel hi nuam ti takin lo cheng rawh u
fear, thalo ve
sadness, a hlim lo tih a hriat khawp mai a aw atrang
fear, ka uite a tla hlum alawm
sadness, kan zirtirtu a boral ta
anger, ka thil ka chum chhe vek alawm
fear, an ban tur thuin min vau
fear,ka ni ka hlau
joy, i rawn let hun chu a nuam thei ang berin kan hmang ang chu
anger, min va hmusit hlawm vele
sadness, vawikhat chiah kan zai ho thei ta
fear,a harbera khelh chu ka hlau e a
joy, ka ha a na tawh lo
neutral,aw chuan eng maw
sadness, a lungchhe lutuka a hal ral vek
joy, thil hal ral te hi a tha ania
sadness,min ngen ngawih ngawih alawm
joy, zaithiam an rawn kal alawm
sadness, zaithiam pawh an rawn kal duhlo
joy, pathianin min kalsan ngai dawnlo tih ka hriatin ka va hlim em
joy, ka mu ve thei tur chu ka van phur tak
joy,min malsawmna hi chu a ropui ani
joy,ka thian hluiten min rawn tlawh dawn a
anger, an thu sawi chuan a thinrimna an ti chhuak alawm
joy, ka duh ang thlap thil hmuh hi a va nuam em
fear,ka pi hi a meng leh tawhlo ang tih ka hlau
joy, zanin chu chhang kan ur dawn
fear,chhang ei tur ka hmuzo loang tih ka hlau
joy, thutthlenga mut te hi anuam ania
joy, thutthleng mawi tak ani
fear, mangchhia ka mang nasat zia hi a
joy,khumah mu paha ngaihtuah mai mai che hi a nuam
joy, an thil tih hmuh te hi a nuam ania aw
sadness, ka pan ka nu nat thu min rawn hrilh a
fear,thutthleng ka tichhiat ka hlau
joy, ka suangtuahna ah ka hmuh chang che hian ka hlim thin
sadness, ka lo hre bik hleinem a va pawi ve
joy, ka duhna ah ka tel thei hi kei tluka lawm an awmlo
sadness,thutthleng tak ngial pawh an neilo
joy, ka thianten ka tlinvek thu min lo hrilh alawm le
anger,a thlan a ngai chu a thinrim hle ani
joy, suangtuahna mawi tak i nei ani
sadness,mi zawng zawngin min ring duhlo
sadness,ka duhber nen kan inhren a ngai a si a
fear, zanna ramhuai film en chuan ka dawih lutuk
joy,pawisa tam tham deuh ka dawng hlawl mai
sadness, min sawi chhiat i tum in ka hria
anger,min sawisel i va chhing ve
anger,i va trawp hlawm tak
fear, ka hlau lutuk mahni in ka awm
sadness, tiang thil saw ka va it tak
anger, a tlai tawh zia hi ka va ngei tak
joy, engmah ka neilo hi ka lawm
joy,hmangaihna hi fakna sang ber ani
joy, a film duh ber a en hi chuan a hlim ania aw
sadness,thingthleng zawng zawngah amah a in mawhpuh alawm
fear, hlauna telo chuan a huaisen theihloh
neutral,keini pawh le
neutral, chuanin
joy, ka zir rei hnuah ka pass thei hi ka lawm
anger, engmah ka hrethiam thei thlawt lo ka ning ngawih ngawih 
joy,hei aiin ala chhe thei alawm chu vangin hlim rawh
sadness, a hmel chu a dur ta a
fear, hlau loa i awm theih chuan le
fear, hlauh tur a awlo kawngkhar ve mai alawm
anger,ka ning zia hi ka sawi thiamlo
joy, tunkar intihsiakna chu a ropui khawp mai
sadness, hun rei tak a rawn kal ta lo
anger, tiang em em an thinrim thei anih hi
sadness, ka duh zawng pawh an zuar theilo anih hi
neutral, karleh ah aw
joy, ka sam khuih hi a nuam
sadness, an tling ta lo ka trap dawn
sadness,ka pui theilo che hi ka tihpalh
fear,tinge i ve dawih em em ve a
sadness,ka ranvulhte an damlo nasa mai
joy, ranvulhte an lian tawh khawp mai
fear, ka ranvulhte hi ka hlau leh thin
joy, zanin chu kan in be tlaivar alawm le
anger,vawiin chu thinrimna hlir ka hmu
sadness,ka duh a mahse ka nei theilo 
joy, ka pui thei che hi ka lawm ngawih ngawih
anger, tinge tianga thinrim taka i in hum mai mai a
sadness, a hma zawng aiin alungleng hmel zawk
fear, doctor te hi ka hlau
fear,hlauna hi min lo umbo sak teh
fear,chhungte nena film en hi ka hlau
sadness, film entur pawh ka hrelo a
fear,zan  hi ka hlau
neutral,doctor ka nia
joy, hlimna chu awlsam tein a zawn hmuh theih
joy,doctor nih hi a nuam ka ti
fear,luiah ka tla ang tih ka hlau
joy,ka pan thil min lei treuh mai
joy, ka nutei te nen kan bazar a
anger,doctor te hi ka hua
fear,hlauhna hi chu pawi ka tilo
anger,mi tu emaw ngei deuhte i nei ve em
joy,doctor ka ni thei hi ka lawm
neutral,chaw ei i siam ang u
joy, hun pawh a kal zung zung mai a lawm hlim chuan
neutral, eng thil nge ni ta a
anger, theihnghilh daih rawh ka thinrim leh palh ang
fear,lui kal te hi ka hlau ania aw
sadness,hrehawm dawn mahse a tuar fan fan ani
anger, i thu sawi chu ka va hne ta ve 
joy, lui kal hi nuam ka ti 
joy,ka tlai chu hlimna hlirin a khat ani
anger, ka thil neih a chhiat hian ka thinrim thin khawp mai
fear, a hlauh ang ngeiin a hnaiber ani ta
fear, ka hlauh zia chu a hmu ta a
neutral,aw nilo
joy, hla sak laiin ka lo mu thei hi a lawmawm zawk
sadness, lui pawh ka kal ve theilo anih hi
fear,thil lian dum deuh a awm ania ka hlau deuh reuh
joy,ka rin ai daiha ka ti tha hi chu ka lawm ani
neutral, a tawp ve ta
fear, dawihzep tak ka lo ni amnih hi
joy,rauh sur ri han mawi zia hi aw
joy, hla thar tam tak a awm hi chu a ropui ani
fear, dawihzeppa
joy,damtaka a infiam leh thei hi ka lawm ani
fear,a hlauh ang ngei in thu chu an puang ta a
joy, thu puang that zia chu a
joy, a rawn kal tur ka lawm zia chu ka insum theilo
joy, ka duhzawng tak ka sa leh thei ta
joy,mi tam tak chuan hlim takin an bawm a
joy, mi ka en hian ka lawm ngawih ngawih thin
joy,mi ei chhuahpuiah ka sawm bik
fear, ei chhuahpui tur pawh ka neilo a
anger, thinrimna chi kan thehdarh ange
fear, rul tam deuh ka hmu chu ka hlau
sadness, vawi khatmah ka ei leh tawh loang
sadness, mi fel deuh hmuha kan hmuh leh dawn tawhlo tih ka hrait hian ka lungchhe thin
joy, unaupa ka nei ve ta
neutral,rul ka man
sadness,mi tam tak tan a hlawhchham tih kan hriat hian pawi kan ti ani	
joy, i va ti tha thin em pute u
joy,intur neih hi chuan kan hlim veng veng mai ani
joy, lalpa hnenah lawmthu awm rawh se
fear,ka tho leh theilo ag tih hi ka hlau thin
fear, i hlauna hi i rinna tilang thei tu ani
joy, ka thiamthil ka hmu chhuak ve ta
neutral,awle ka pu
sadness, tumah ina an awmlo hi chu a lunglengthlak ngawih nawgih
joy, hlimna hi i chhiar ve ngawi em
joy, ka hlimna chu ka ziak zo ta
fear, hlauna chu bei let fan fan rawh
joy,nula kan mutpui anih kha
fear,lehkha chhiar hi ka hlau
fear,ka mangan
sadness, tihpalh mahse hmun dangah i lei angai
sadness,ka nu in min boralsan ta ani awm e
fear,hlauhna chu rilru ah bak a awmlo ania
joy, mi tam tak an inpekna hi a va ropui em
sadness, ka mi hmangaihin min kalsan ve ta anih hi
joy,hlim takin ka thleng ve thei e naktuk ah kan inhmu dawn nia
fear, mi zawng zawngin a hming sawi an ngamlo a
sadness,tuman an theihnghilh loh  che ka beisei
sadness, ka bialnu ka chan
joy, ka paincham ka thleng leh trep tawh e
sadness, mahse ka theihnghilh theilo 	
anger, mi mawl deuh nen kan in hnial alawm
joy, pawisa neih hi chu a nuam hem hem
joy, thil ka ziak thei hi ka lawm em em ani
anger,kan inhnial leh tran dawn e
joy, riltram a eitur neih hi a nuam
sadness, ka awmna a rimchhe lutuk
joy, ka bialpa nen kan cheng dun thei dawn ta
joy,sawng sa te tui hmel zia saw
fear, kan chesual ang tih hi a hlauhawm thin
sadness, ka thian a boral
anger, a tawk anih chu
fear, hlauhna leh dawihna hi a inang reng
sadness, ka zir thiam theilo anih hi a
joy, ka fapa hmasa ber ka nei ta
fear,ka fa hi a damloh hi ka hlau thin
joy,hma deuhah ka thawh phah thei hlau e
joy,mi tam tak chuan an hlimna chu an thup theilo
anger, a thinrim lai chuan a ang vak vak zel
fear,him lutuk hi a awm theilo ania
joy,ka inziak tling ve ta
neutral, a zing em
sadness, mi zawng zawngin an ngai dawn che a nia aw
sadness, class pakhat chiah ka nei asin mawle
joy,hun reilote pawh hi ava hlu em
sadness, ka chhung hnai tak ka chan
sadness,an inchhunglo
joy, ka thiannu chu a hmeltha hle ani
joy, ka va ziak mawi em
joy, rawngbawl hi nuam ka ttih zawng tak ani
joy,a thawnthu sawi chu nagihnawm a ti hle
anger,ka thinrim lain ka lo ang alawm le
fear, ka dawih sia ka mu theilo
sadness, a boral tih ka hriat hian ka lungngai thin
fear,thlawhna a chuan hi chu ka hlau tawp
joy, zirtur ngah hi chu anuam ania
joy, ka lawm lutuk ka nu leh pate min hmangaihna ah hian
fear,zirtur ka ngah lutuk ang ka hlau
anger, min zah lo takin min an khum alawm
joy, ka ringloh takin ka lo tling leh thin
joy, a va muanawm tak em vele
joy, ka ke pawh a dam tawh e
joy, christmas ka inah kan lawm dawn
joy, ka hna ah hlim deuhin kan kal ange
sadness,ka kalsan tur che hi chu ka duhlo khawp mai
anger, a naute lakah a thinrim khawp mai a
joy,kan naute fing zia hi chu aw
fear,hlauh ka nei em le
joy, min hmangaih tih min hrilhtu neih hi chu a nuam ani
sadness, ka nun min hrem alawm
anger, thinrim deuhin mut ka tum alawm le
neutral, maw
sadness, ka thiannu a thi
sadness, aw enge ka tih tak ang
sadness,ka kalsan dawn che aw	
joy, thiante nen hun tam tak kan hmang ang chu
neutral, i che sawn thei em
joy, thinpui tui tak minlo thlit ve teh
anger,thinpui in min thlit buak a ka thinrim phah vek alawm
sadness, thinpui thlit hi ka thiamlo
joy, class hnahnung ber kan thleng leh ta
joy, thla ila ho ang u
anger, meidilah i tlak ka beisei zawnga
fear, ka vawih ang tih ka hlau
sadness, mahni inring ve teh
joy, ka pasal te chhung kan tlawh dawn
joy,tui khawhthla mawi zia hi
sadness, ka sam khawngkharah a tang trep alawm
anger,min bumna ah hian ka thinrim hle ani
joy, khawngkhara inzai mawi zia hi
sadness, ka exam ka tichhe nawn leh alawm le
joy, thianna infiam ila
sadness, an inkawm ngaih ngawt mai
joy, ka unaunu in min rawn tlawh dawn ka van lawm tak
joy,ka mumangah ka thiante nen kan infiam alawm
sadness, ahmunah hmu ve thei ila ka van ti tak
fear,an chhungte thar tur chu an hlau ve thin ngawt ang
anger, thingpui hi ka hua
joy,a beng tawn tawnin a nui alawm
sadness,ka beng a chhet dawn anih hi
anger,ka beng chhe lutuk hi ka hua
neutral, ting i zawr a
joy, naktuk ka awl hlauh e
fear, ka beng chhet ka hlau
joy, a beng mawi zia hi
sadness,a hah ngang a niang a
sadness, a trah a ti chhuak anih saw
joy, a phur nasa em em mai khawp a
sadness, tui khawhthla chu ka va hmu ve chak tak em
joy,ka zirlai chu ka thiam fai vek tawh
sadness, ka room hi ka lung a ti ngai
sadness, a lungchhiatna chu ngaiah a nei ve ta
joy, thil fai hi chu an mawi ani
joy, mahni thil tih hnawk tih fai hi a tha ania
neutral, ni li
joy, min tih fai pui hi ka lawm hle ani
neutral, nang pawh maw
anger,an rawn tlawh ve duhlo chu an lawmlo hle ani
fear,room bal deuhin a awmang tih ka hlau
sadness, naktuk an phum ni
fear, i hlauh chuan vengtu au rawh
joy, room ka duh lutuk
joy,hlimna chu i duhthlanna ani alawm
sadness, a hma ai zawngin a lung a chhe zawk
joy, saw tlaia thil thar saw en teh
anger, i mawng ka pet chak ngawt mai
joy, i hlimna chu a nasa thei ang berin thehdarh rawh le
anger, mipui te thinurna chu a so sang cho zel
sadness, ka lang tha ve thei thlawt lo anih hi
joy, a nalh lutuk ka hriat duh zawng tak ani
neutral, i ti tak maw
sadness, min lo hrethiam hram mai teh a
sadness,i hmalam hun tur hi ka ngaihtuah pui che
joy, ka lawm lutuka  ka tlan vak alawm
fear,mahni a thli tleh laia haw hi chu a hlauhawm
neutral, ka hria e
joy,i thiltih ah in chuang rawh le khai
joy, rei deuh ka chuang thei bik
fear,naupang te chungchang chu kan ngaihtuah hle ani
joy, eitur zawng hmuh hi chu a nuam ani
neutral,Okay
joy,ka chawlh pawh a zo ve ta e
joy, ka bus ka nang hman hlauh e
joy, ka hlim lutuk ka mittui a tla zawih zawih mai
neutral,eng vang chuan maw
sadness, ka mittui a tla nasa lutuk 
joy, hlimna thuruk chu pathian biak hi ani
anger,thinurna ka ngah khawp alawm
sadness, ka thianpain min biak duhlo chu le
fear,min biak duh tawh loh ka hlau
joy, kea kal te hi a hrisel ania
joy,ka nghakhlel khawp alawm a thusawi tur chu
anger,kea kal hi ka hua
joy, ka biak chu a fel lutuk
anger,zan thinur thlak tak ani
sadness, kea kal ve thei ila ka va ti em
sadness, a va en tute pawh ka khawngaih ngawt mai a
fear,hlauna in a that theilo che
joy, kan in cheimawi ang chu mawle
sadness, kan chawlh pawh hi ka ngaihsak peihlo
sadness, vawiin chu ka awm thiamlo
neutral, i sawi ang chiah in
joy, ka naute thil kan lei teh ang
joy,ka thu sawi ah an nui huk mai a
joy, ka chhungte nen thil kan lei ho alawm
joy,ka chhuang lutuk ringawt ka nau hi
joy, ka na lo chu ka van lawm tak
joy, ka chak leh ta
fear, thil lei theihloh hi a hlauhawm
sadness,nizan chu a va hrehaw ve
joy, ka nui vak vak alawm le
sadness, mi zawng zawng min thlir dan hi k duhlo
anger,min thlir danah ka thin a rim
anger,ka thinurna hi a dai thei lo
sadness,thinpui dai bak intur ka neilo
joy, he game hi ava nuam tak
joy,chhungten min tawh bik bik
joy, ni hnih hnuah chawlh kan hman dawn
sadness, game khelh tur pawh ka neilo
sadness,a fa a thih khan a lung a chhe tawp
joy, kan thingkung tur ka thlang fel chiah e
anger, game khelh tur neihloh chuan thinur a awl
sadness, ka pu damloh avangin ka pi a buai hle ani
neutral, game an khel e
anger,a thinrim dawn mahse ka kal ang
joy, ka chhungte nen kan inhnaih tawp
joy, a game khelh ah an chak ta
joy,zawi muangin kan thleng ve thei ta
fear, mi te leh dawihzep ten 
fear, hlauna hi rinlohna atranga lokal ani
joy, ka muthlu thei chu ka lawm khawp mai
anger, a thutiam a bawh chhiat avangin a thinur hle a ni
anger, naupang thinurthei tak ani
fear,ka pi thih atrangin thihna ka hlau
sadness, naupang hlimlo tak i ni
joy, a lawmman dawn chu ahlimpui khawp mai a
anger,thinurna chi hrang hrang a awm
fear,ramdang hlauhna chu a pung zel e
joy, ramdang ah ka kal chu ka lawm
joy,lawmman mawi tak ani hi a
joy, aw  a nuam khawp mai
sadness,ramdang pawh ka la kal ve theilo
neutral,ka nau
fear, ka hlauh bber chu miin min thlir thrup ang tih hi ani
joy, naupangte nen thil kan ei ho alawm
joy,kan puten ka tih that thu min rawn hrilh alawm
joy, ui naute thar ka nei dawn
joy,ni ropui tak nei ngei ngei ang che
sadness,ui naute ka duh ve e
neutral, alo ni tak anih chu
sadness, an inleng chu a lungawiloh hmel hle
anger,min hua tih hi chu a hriat alawm a awm danah
sadness, naktuk ah maw ka hmanlo ang a
joy,ni zan chu a nawm in ring ngawt lo maw
anger,i thinurna a nep lutuk
anger, min puhna ah ka thinur khawp mai a
sadness, tumah kawm tur han neihloh bik mai chu
fear,engmah hlauhna vangin lei suh
fear,ui naute hi ka hlau
sadness,a changchuan ka trawngtai ngamlo thin ani
joy, i chak chu a ropui ngawt mai
joy,ka tin mawi zia hi chu aw
joy, lehkha thawn tha tak ani e
anger, ka thinrim lutukka tin a tliak daih
joy, lehkha thawn ka ziak thiam
fear,lehkha ka dawng ang tih ka hlau
fear, ka tin a tliak ang tih ka hlau 
anger, ka hun a tlem lutuk tih ka hriat hian ka thinur thin
neutral, ka tin a sei
sadness,ka thiante telo in class ka kal angai
joy, pathian hnenah awm rneg hi a tha ani
neutral, ka lo leng 
sadness, ka thianpa chu a zirna kawngah a lungngai hle ani
sadness,ka tihpalh lutuk ka pu 
joy, zirna kawngah hma tha taka lak hi a tha
joy,class kal hi nuam ka ti ve ringawt
anger,lehkha ziah hi ka haw ngawih ngawih
sadness, i va ngai ve i bialpa chu em em a
joy, ka thuziak hrethiamtu ka tawng hi ka lawm ani
sadness, a man a to telh telh hi chu a lungngaihthlak
anger,thu neitute kan ko chu an thinrim phah hle ani
joy,ka thlalak mawi in tih avangin ka lawm e
sadness, ka ke a na tawh lutuk a hrehawm
neutral,dar kua anih hi
sadness, mite an hlim loh chuan ka hlim thei bik lo
sadness, ka lehkhabu ka theihnghilh daih alawm le
sadness, ka beihnawn a ngai leh dawn a hrehawm tawp
sadness,ka lo hai palh aniang min lo hrethiam lok
fear,ka thiante chem nen min vau alawm
fear,ka thlalak ka tih bo ka hlau
joy, mite hnena hla ka sa thei hi ka lawm
fear, kan zirtirtu thil zawh hi ka hlau
neutral,Mm
joy,min hmangaih ve em hi a tha e
fear,ka lehkhabu ka theihnghilh ka hlau
anger,a thinur vak loin ka hria
fear, hun lo kal tur hi ka hlau tlat mai a
sadness, chaw ka ei chak nen engmah eitur ka neilo
joy, christmas kung hnuaiah thinpui in hi anuam
fear,haluna hian mite a thlak thei ania
joy, ka lal fanu nen thil kan ei dawn
joy, ka lal fanu han mawi zia hi chu a
sadness,lal fanu ka va ni ve chak
fear, lal fanu hi an hlauhawm
anger, lal fanu te hi ka hua
neutral,awm e
joy, kan hlimna te kan lalpa henah kan thlen tur ani
joy, ka pasalte nen hun nuam tak kan hmang thei ani
fear,a rilru hun tawpah a thlak ang tih a hlau hle ani
sadness, mahni chauhin ka awm ta biak tur neiloin
fear, ka chhungten ka nun an tih chhiat vek hi ka hlau thin
joy, hlimna hian ani kan nun tipawimawh tu
fear,christmas kung ka neihlo ka hlau
fear, hepa hi hlau hle rawuh u aw
neutral, enga tan nge ni dawn
sadness, in lam atrangin ka fanu  a damloh thu ka dawng
joy, engpawh thleng se ka nui zel tho ang
joy, a tawp miah loin hlim takin kan zia ang chu
anger,lalpa ka hua che
joy,hlim taka nun mawi tak neih a trul ani
joy, hlim takin ka awm thiam lo anih hi
sadness,lalpa min hrethiam theilo ami
joy, malis ka van nuam tak
fear,malis hi ka hlau 
sadness,malis ka va mamawh tak em
joy, ka kawr hi han ha ve chhin teh
neutral, kan in malis
joy, hnathawh ka ngai talo ka van lawm em
joy, tui takin ka e thei e
sadness,hrehawm ti tak chungin a  be ve thei hram e
joy, ka in hmuhlo rei tawh nen minlo la hre ve chu ka van lawm
anger, thinrim deuhin min malis alawm
sadness, an chaklo chu an la na hle ani awm e
joy,a rawn dam chhuak leh thei dawn ta  ava lawmawm em
sadness, khawngaihin min lo zui ve teh
joy,kan piancham a inang hi ka van lawm
joy,aw thianna ava ropui thin ve
joy, hun reilote hnuah chuan hlimna zawng zawng a dawng dawn ta
joy, ka pa thusawi ka ngaithla leh thei hi chu ka va lawm tak em
joy, kan fate an nui hi chu a mawi ania
sadness, kan fate telo chuan engtin nge ka awm ang
sadness, ka intur ka theihnghilh daih chule
joy, anih leh dam takin kan in hmu khawm leh dawn nia
fear,kan fate min laksak ang tih hi ka hlau
fear, doctor pawh an hlauh hmel khawp mai
sadness, doctor ka hmuh a ngai dawn hi chu a hrehawm
joy, chawlh nuam deuhin ka va hmang awm e aw
anger, lalpa min thinrim khum ami
anger,kan fate hian min hua in ka hria
neutral, ni chiah mai
joy, ka nute nei thil kan lei ho char char alawm
sadness, ka nute nen pawh kan bazar hmanlo anih hi
anger, ka bazar hman lo tur hi ka thinrim
fear,hlauhna hi kan hmachhawntur lian ber ani
neutral, enge thil a thleng ami a
neutral, ka lo tum dawn nia
sadness, ka pa lungphu chawlin a boral ta
joy, nilengin kan nui
neutral,ka thlawp che
fear, hlawhchham hi hlau ngai suh
fear, ka mit a del ang tih hi ka hlau
neutral,thli a rawn tleh e
joy, ka fanu duhawm zia hi chu aw
anger, kan nu chu ka lakah a thinur alawmle
fear, hlauhna thehdarh ka tum
fear, a va rawn haw tlai ve ka hlauhthawng deuh
anger,thinrimna hi chu insum theihloh na ani
joy, kan in fiam nileng ang chu
sadness, nileng a ka hrehawm chu le
sadness, ka lu a na lutuk
joy,zana kea kal hi thla a timuang duh
anger, thinrim nileng alawm
joy,ka duhtak nen kan in ngaizawng thei e
joy,tui takin ka mu thei bik anih hia
fear, hlau loin i lei ang u khai
joy, i va huaisen em em
sadness,ka rilru a buai vekin ka hria
fear, huaisenlo tak ka ni
joy,ani te zawng a hlim lutuk ringawt
sadness,hlimlohna hi chu beidawnna ani
sadness, a chang chuan lungchhiat lai kan nei thin alawm
sadness, ka pa thihna chu ka tuar nasa lutuk ringawt
neutral, ila hre nange
fear,hlauthawng takin an in melh alawm
joy,lalpa hlimna in  min tikhat rawh
joy,hlimna in min siam thar leh ang che
sadness,ka lawmlohna blpui ber ilo ni
joy,ka hlim tawp thei tawh lo
joy, pawisa chhar hi chu anuam ania
joy,hmangaihna hi chu a pawimawh anih hi a
sadness,a va thui ve ka chau vek 
joy,ka ziak treuh mai a nuam lutuk
sadness, an inthren thut alawm le a
sadness,ka nun ka ei a phallo
joy, ka inchhirlo tih hi ka hrechiang em
anger,an thinrim hi chuan an muang vek zel
sadness, min zuitu ka chan ta
fear,ka chungte pawn min hlauh pui khawp mai
fear, he nu hi lo hlau hle rawh u
fear, ka thianpa motor khalh ka hlau
neutral, ni e a
joy,ka mood kan ti tha ange aw
joy,hun nuam tak kan hmang thei alawm
joy, ka nu duh ber chu in hring hi ani
joy, ui naute nen ka infiam chak e
sadness, ka rihna ka hlauh phah vak alawm
sadness,ka mood a fuhlo teh mai ania aw
fear,in hring saw ka hlau
anger, in hring saw min ti thinrim
joy, kan malsawmna te chiar hun tha tak ani
joy, lalpa hnenah chuan hlim takin kan inpe tur ani a lawm
joy,a kal tur hi ka hlim lutuk alawm
sadness, ka hlimlohna hi tinge a kiam theih loh
joy, ka puar lutuk ringawt mai a
anger,thinrim lai chuan a aia thinrim a awl
anger, thinrim lai hi chuan engmah kan ti theilo
sadness,ka nu chu a che thei tawhlo a
anger,an in hau ang tih hi a kan hre reng mai
sadness,min thlaktu an hmu ta hi ka lungngai
joy,ui naute hi an mawi ani
joy, christmas hla sak hi a nuam ani
fear,ka thenawmte in ka hlauh thin zia chu
joy, naktuk chu hlim takin kan kal tlang ang chu mawle
joy, ka nu chuan lalpa ah lawmna a awm a ti ani
sadness, ka kawr ka ha tawk tawhlo
fear, hlauhna hi tlem tlemin ka hneh thei
joy,mite nena lam ho thei hi a hlu a sin
fear,ka kawr hi ka ha ngamlo
joy,ka thiannu nen film kan en ho
joy,ka mumangah ka hmangaih che min lo tia
fear, a hlauhna chu a lo pawi anih hi a
anger,ka kawr min laksak chu ka thinur khawp mai
sadness, ka pi boral ni kha chu aw
fear,ka kal apiangin ka tlak ka hlau thin
fear,ka hlauhna hian min ti kal thin
anger, a thin hmuh chuan a ti thinrim ngei mai
fear,tlak hi chu a hlauhawm alawm
joy, ka tlak khan a nuam tawp
sadness, ka ui naute a thi
fear,midante tihnat hlau rawh
joy,lehkha thawn lawmawm deuh ka dawng
joy,he hun min pek hi ka lawm takzet ani
sadness,a fanu lungaih zia kha chu aw
joy,tha taka ekser lak hi a hrisel
sadness, ka nite an boral
sadness, mahni chauha zai ngaihtlak hi chu a hrehawm
joy, ka bialpa nen hun hlimawm deuh kan hmang dun a lawm
anger, ka nite hi ka hua
anger, ka bialpa leh bialnu lakah ka thinrim
joy, i thiltiha i lawm bawk maw
fear,ka bialnu hi ka hlau leh thin
joy, i nute minlo biak rawh aw
joy,i pate minlo biak rawh aw
sadness, ka hlawhchham hram chu le
joy, kan inkawm ho a kan hlim tlang khawp mai
sadness, mang thalo ang mai ani
anger, ka nite hi ka hua
joy, kan chawlh laia inkhelh hi a nuam ani
joy, tu nge mi ropui chu ni ang le
fear, hlauhna chuan min enkir tir leh thin
joy, an thiltihah chuan a chhungte chu an inchhuang hle
sadness, engthil nge alo thlen takle
fear,ka hnungah mi hlauhawm deuh a awm a
joy, ka nute ka lawmpui a che u
sadness, a tihpalh tak zet ani
sadness, a tihpalh tih hi a hriat lutuk
fear,a hlau tih hi a hriat lutuk
sadness, i hrethiamlo chu a pawi ani
joy,an tranpui thei chu an lawm hle
anger,i  lakah a thinur anih chu
sadness, a pawi khawp mai ka lei theilo
fear,an va hlauthawng awm vele
sadness,ka thiante nen kan inhre chiang thei talo
anger, vawiin ni chu ka lawmlo hle mai a
sadness, a hmu chu a nalhlo kawp mai
neutral, eng angin maw
joy,kan hlimna chu i au chuahpui ang u le
sadness, ka pa chu hmanah khan a boral alawm
neutral, ni reng loe
fear, rul a rap teuh lutuk a a dawih vek
anger,a thinrimna chu a hrelo der anih saw
joy, ka nite nen hun nuam tak kan hmang
anger,an thinrim khawp mai a
fear, an thupuan chuan an ti raltri hle
fear, ka raltri lutuk
sadness,a hman thlawtlo anih saw 
anger, am thinurna chu an puangchhuak ta
joy, ni chuak thlir hi a nuam ani
joy, naktuk hlimna an nei thei ngei ang
sadness, an ve hrehawm tehreng em
fear,chemte nen an lo vau ani awm e
fear,rul hi an hlau a nih hi
joy, vawiin hnathawh chu an nuam mai mai
fear,an inthren ang tih an hlau hle
fear,an hlau tur reng alawm
joy, an bazar chu an hlim hle
fear,exam an hlauh phah vek alawm
joy, an inhmu chu an hlim hle
sadness, ka thilte chu ka va ngaihtuah tak em
sadness, ka nau chu a lungchhe khawp mai a kal tur chu
sadness, an motor a chhia a
joy, ka pi nen awm dun tluka nuam a awm lo
anger, thinrim takin a kal ta a
joy, ka tunu alo piang ve ta
fear, ka tunu a bo ang tih ka hlau
sadness, ka tunu ka hmu thei tawhlo
fear,ka tunu dawmloh ka hriat a ka hlauh zia kha chu aw
joy, vawiin pawisa dawn ni ania anuam kh
joy, thusawi chu an lawmpui khawp maia
fear, an thu zawm loh chu a hlauhawm
joy, an ni lam pawh an lawm khawp mai
sadness, ka fanu in mak in ti hi chu a nuamlo
joy, he sa tluka tui an awm lo
neutral, ka ti e
joy, sa tuitak kan ei thei alawm le
sadness,sa ka ei ve theilo
joy,a nawm hmel viau chu le
fear, ka mit ka tichhe vek ang tih ka hlau hman alawm
sadness, kala dam theilo anih hi
joy, ka thiannu in min lawm
joy, chawi ei an siam thiam khawp mai
joy,an chawl chak tawh khawp mai a
joy, an zo ve thei chu an lawm hle
joy,mi zawng zawngin thil tui chu an lawmpui thei alawm
joy,a tawpah chuan ka duhdan angin ka ei ve thei ta e
anger,an thinurna chu a tawp thei tawh lo
sadness,tinge an lungngaih reng mai le
joy, ka rilru pawh a rawn  tha leh tawh e
fear,ui lian deuh chu ka hlau
joy, a that chu a
fear,an naute chu an hlauhthawnpui khawp mai
anger, thinrim loh chu a 
joy,tumah i hlimna laksak tir suh ang che
fear,an thil tih lai chu a hlau hle aniag a
sadness, nilo khawngaihin
fear, a tawpah hlau tak chungin a pe a
anger, ka thinurna i hria e
joy,an thupuan chu mi zawng zawng lawmpui ani e
joy,nangmah nena hun hman chu ka lawm ngawt ang
joy,an ni te pawn an lawmpui khawp mai a
sadness,an thuneitupa pawh a lungngai tran tawh
joy,kawr ropui deuh a nie
joy, thinpui chu ava ropui em
sadness, ka hrehawm dan hi an sawi thiamlo ang
joy, ka duhna berah kan zin dawn
fear, hlauhna telo chuan i hmu em em  ang
joy, ka bialnu ka hmangaih zia kha
joy,lalpa hmangaihna chuan chhun che rawh se
anger,an thu sawi chuan min ti thinrim alawm le
joy, engtik lai pawhin min ti hlim thei
joy,a phurna zawng zawng nen a thawk alawm
anger,vawiin leh naktuk ka hua
sadness, ka thiamthil ka theihnghilh tran in ka hria
anger,min tih dan ah an thinur anih chu
joy, ka thiante inneihna chu ka lawmpui hle
fear, hlauhna hlauhna hlauhna
anger, a thil an ru chu a thinur hle
joy, ka la hmangaih thei che hi chu a ropui ani
joy, ka kalna tur nawm zia hi a
joy, kan pahniha kan awm dun chuan a nuam vek mai ani
anger,thil an pe duhlo chu an thinrim a ni
neutral,thil
anger,tuman min sawm loh chuan ka thinrimngawt ang
sadness,a rawn letleh ta lo chu a va pawi em
fear,ka awmna lai chu a hlauhawm lutuk
joy, a tuina chu a chhuanawm tak zet ani
joy, ka ui ka bual fai a
anger, ka thinrim laiin engmah ka ti thei lo
anger, a thinrim lutuk a a chemte a la hman alawm
joy, vawiin chu thutha hlirin a khat
fear, ka rawn haw lawmah misual rualin him vau alawm
neutral, tuman an dang lo che
anger,a nau te hi an thinrim thei khawp mai
sadness,ka intihlum ang tihte hi ka hlau thin
neutral, ka pe let ang che
joy, mahni a tih ngai lo hi chu a nuam ani
anger, nghah ngai hi chu a thinrim thlak thin
joy, tun ang hunah hi chuan zin a nuam ngawt ang
joy,ka hlimna min pe tu chhunga ka lawm e
neutral, i sawi ang chiah in
joy,a tawpa kan chak thei hi chu a ropui em em ani
sadness,an tih tur hmabak chuan alo nghak reng e
joy, an inkhel en chakin mipuite chu an hlim hle
joy, ka duhber te nen kan zin thei hi a hlu ani
joy, i lawmna chu pathian thu alo ni
joy, he thil vang hian nuamsa takin ka awm thei
joy, a tawpah kan zo ve thei chu kan lawm khawp mai a
sadness, ka hmingah ka lungawi theilo
fear,zan reh deuh hi chuan ka dawih vek zel
fear,a dawih zia chu a a tre tuar tuar mai
fear,hlauna hian zan mut a ti har thin
sadness, mi fate ka hmuh hian ka lungchhe thin
anger, ka rilru lakah ka thinrim
sadness,ka ngai che in ka hria ani
fear,he thil hian naupang hlauthawng tam tak a bia ani
fear,mi hlauhawm deuh kan inah a rawn kal thut alawm
fear, an thil tih dan chu a hlauhawm zawk alawm le
joy, i nuihzatthlak zia hi i hrethiam lo zawk ang
sadness, ka naute in min rawn tlawhlo
joy, ka naute rim tui zia hi chu aw
anger, ka thinrimna chun min chantir ta anih hi
fear, ka nun kal zel dan tur hi ka hlauthawng ani
anger, i thinrimna ah min mawhpuh suh
joy, an va chei ropui tak em
fear,lawnga chuang te chu ka hlau e a
sadness,lawngah ka chuang ve theilo
joy, lawnga chuan hi nuam ka ti
fear,an inbiakloh rei tawh avangin an hlauthawng hle
joy,lawnga chuan hi a hlimawm e
sadness,i lungawilohna ka trawmpui che u ania aw
joy, kar hnih kan chawl
fear,nautuk ka hlau tawh loang
neutral, ka ni aw
joy,i hlim chuan chakna pawh i nei ang
anger,engtik lai pawhin a thinur reng thei anih chu
joy, thiante nen kan lengho thei hi chu a hlimawm ani
sadness,a bo hnua an lungchhiat zia kha chu a
joy, ka lawm e mahse ka puar tawh
sadness, a kung tur pawh kan la neilo anih hi
sadness, engtin nge ka tih tak angle
sadness,a rawn kal theih ka va ringlo e
joy,a lawm lutuka engmah pawh a hre thei lo
anger,bus khalhtu lakah ka thinur zia kha
fear,tuman cancer hi hlaulo an awmlo
fear, thih hialin alawmle an hlauh ni
fear, tichhe vek tura an sawi kan hlau
anger,tinge thinur khawpin min lo nghah a
anger, tinge tiang zat zat a i thinrim theih
sadness, chaklo hi chu ka duhlo ani
joy,hlimna chu muang changin a rawn thleng thin
fear, zanreiah miin min rawn bia a ka hlau lutuk
neutral, khawizawk maw
joy, thla khat tawp ka hlim dawn
joy, ka tho chiah a ka hlim khawp mai
joy, ka ni hmasa ber pawh a nuam khawp mai
joy, thil tui deuh eitur min pe hi ka lawm e
anger,naupang thinchhe tak tak an awm
neutral, aw timaw
joy, zing mawi tak nei vek ang che u
fear,mihring nuna thil hlui ber zinga mi chu hlauhna ani
joy, ka nui nas lutuka ka sen vek alawm
joy,christmas tak tak ai pawhin a nuam zawk alawm le
sadness, ka unaunu telo a ka awm tur hi a hrehawm
anger, a thinrim lutuka a sen vek 
fear,ka thiante nen kan him loang tih ka hlau
sadness, zing thawh hi nuam ka tilo
joy, he film ami hlate nalh ka va ti tak
sadness, ka tibuai che chu ka tihpalh
joy,hlimna chu rinna atranga lo piang ania
anger, ka pi hlasak chuan min ti thinchhia
joy, ka result ka hmuh chuan ka lawm hle
anger,kan zirlai lakah a thinur zia kha
fear, keimah ka in hlau
fear,ka nun a chhiat hmain ka ti hmanlo ang tih ka hlau
sadness, an nun dan chuan a ti lungchhe hle ania
neutral, chaw ei min siam e
sadness,hun tlemte bak pek tur che ka nei theilo
joy,thinpui tui tak in hi a hrisel ania
sadness,a mit menga lungngaihna chu a hriatthiampui a
anger, ka nu te thinchhiat zia hi
neutral,aw ka hmu ve e
fear, mi lakah ka tlanchhiat angai
sadness,ka diklo alo nih hi a pawi thin
anger, pathian lakah ka thinur leh thin
joy,class lak laia mut hi avan nuam tak
fear,ka kawr a sen ka hlau e
fear, ka mawng a nat ka hlau
joy,tinge i mawng a nalh em em
fear,ka eisual palh hi ka hlau thin
sadness,ka mawng a nalh ve theilo
joy, pathian tana nun hi hlimna chu ani
fear, hlauhna hi pathianin a hneh ta
sadness,min hrelo der chu ka lawmlo ania aw
joy, sang hi chu a nuam ani
joy,sang hi chuan a hlimawm ania aw
fear,ka sang ve theilo ang tih ka hlau e
fear, ka ei zawh theihloh hi ka hlau
sadness, ka sang loang ti hi ka lungngai thin
fear, a khawngaihna kan chan ang tih hi kan hlau thin
anger, a huat thu che a sawi a sawi alawm
anger,ka huat thu ka au chhuahpui alawm
neutral,enge a lan dan
neutral, enga ti maw a
neutral, zing dar sarih ah ka tho ang
anger, tinge rannung in sawisak a
fear, ka tawhthlu a engmah a tliah loh ka beisei
sadness, ka thianten an thil an ti bo ania
anger, kha nu min rap tu mawl zia kha aw ka va ngei tak
neutral, thil ka zuar dawn
sadness, game ka va khel chak
neutral, keipawh le
neutral, aizawl ava ang ve
neutral, ka pate in chaw kan ei dawn
joy, hmeichhe hmeltha tak ka tawng alawm le
anger, hmela chu min hriatloh der chu le
neutral, ei rawng ka bawl mek
neutral, chaw ei ang u
joy, a tawp a tawpah ruah chu a sur bang ve ta	e
sadness, ka ha a na
anger, he film hi ka hua
anger, maths hi ava han ninawm tak em
neutral, ka inline mek
fear, naktuk chu hna dil ah ka ting em ang chu maw
fear, haw vat rawh a tlai tawh ania
fear, min lo hruai ka awmna lai hi ka hreo ania
fear, kan chesual a lawm	
sadness, an hmu leh thei em ang chu maw
neutral, kan inah lo riak la
sadness, ka thil neih ka chhan zung zung mai a
sadness, ka ranvulh a thi
fear, ka hmu leh tawh loang tih ka hlau	
sadness, ka thlalak hlui te ka ti bo deih
sadness, ka ui hi la duh awm hram se aw	
sadness, ka haw hman dawn o anih hi avan pawi
fear, pute tan ilo tawngtai ang u
neutral, ka phone ka update ange
sadness, naa dawr an in khar hman
sadness, zaiin chu a va reh ve
anger,  ka thinrim
fear, ti nge min chhang duh miah loa ka ngaihtuah che ania
fear, ka haw hmanin a tawp hman ang tih ka hlau
sadness, ka zin tumna pawh ka thrulh angai
fear, engtin nge nian ka hmai a puam vak ania
fear, tu man an hmu hman loa a pawi tawp
fear, a va zia o e aw ka rawn ka vat ang
neutral, bial
neutral,engmah pawh tih tur ka nei lo
neutral, ka harh chiah e
sadness, pawisa pawh ka nei tawhlo
sadness, ka awm a va nuam o khawp mai
anger, tinge hna pahnih ka tih bik a min pui ve teh u
fear, thawhna ah ka chuang ngam lo
fear, ka rawn kal ang lo hlau reng reng suh
neutral, an zai tran trep tawh e
fear, i na em
anger, tunge tui ti baw vak a
sadness, naktuk ah ka in entir a ngai dawn
neutral, kan thu hahchawl ange
joy, trawng thar zir hi a tha ania
fear, lir nghing a nia
neutral, ka rawn la ang
fear, ka naute an chesual ania
fear, engtin nge niang ka naktuk ah ka rawn ka hman loang ka rawl riau mai
neutral, chaw kan chhum ange
neutral, ke in kan rawn kal dawn ania
fear, ti nge ka lu anat thut thut le
sadness, an inthren ta mai chu ani sia
fear, ka research paper chu ka thehut hman em ang chu maw
fear, nau chu an chhiat loh hlau i beisei ang u
sadness, ka va mu chak tak em
anger, ngati nge ruah sur apiangin karen a awmloh chu le
fear, ka zawhte a bo
sadness, ui ka hmai a bawl nasa tawp
anger, kan nghah rei nen nen zai pawh an zai loh chu le
fear, ka nu chungchang ka hre ve chiah		
sadness, ka duh lo e a
sadness, ka rilru a nuam lo
sadness, damloh hi chu a va hrehawm tak
neutral, dar khat velah ka hman chauh ang
neutral, hna thar ka tran dawn
fear, trawng pawh ka trawng ngam lo
sadness, ka pum a na
fear, ka thiante an bo deih
neutral, lehkha kan chhiar ange
joy, i thlalak kha ka hmu chiah a ava nuam hmel ve
sadness, ka ril a tram tawp
sadness, car ah ka chesual a damdawi inah ka awm mek
fear, seat ka la chang em ang chu maw
neutral, chibai vek ule
anger, thiante an party laia lehkha zir ngaih chu ava ninawm tak
joy, ka zai chak tawp
sadness, link hi a thawk lo ania
neutral, mahni in ka awm a engmah pawh ka hre ve lo
fear, oi ka phone battery a zo deih
fear, ka thi dawnin ka hria
fear, tanin ah ka awm nimai hian ka hria
neutral, hmangaih neih a tha ania
anger, tinge chaw pawh i chhum sual a
fear, kawvel hi a tawp thut ang tih ka hlau
sadness, pawi hle mai	
joy,hla thar kan ngaithla mai mai teh ang
sadness, ka ha a puam
joy, i hla chu ka duh tawp
neutral, sikul i kal ang u le
sadness, ka computer a chhe deih a
neutral,i haw chiah alaw
fear, mi an ban thut thut mai a
fear, thil thalo a thleng ang tih ka hlau a  rei tawh ropui mai sia
fear, ka ui a bo ania
anger, i va han zaithiam lo tak
fear, ka ha a dam hman angem le aw
joy, ka hna ka zo ta	
fear, hla nalh deuh in hria em  ka zai angai a ka zai thiam miahloa ania
joy, nipui lai hi chu avan nuam tak
neutral, hna kan thawk a nge
sadness, hmun dangah ka van awm chak tak
anger, ka phone battery a hmang zo ve alawm hmela chuh
sadness, ka chau tawp
fear, ka phone a incharge duh miah lo ania
fear, min rawn phone hramse aw ka ngaihtuah tawp
fear, tih tur ka ngah ropui si engtin nge ka tih dawn	
sadness, ka tihpalh lutuk aw
sadness, lengchuah dawn lai takin ruah an sur chuh
sadness, hna hmuh avan har ve
joy, hna thar ka hmu ve ta
sadness, tinge i rawn kal ve loh a
fear, ka hlau a nia a thikthu a chhe ropui sia
joy, chaw tui tak ka ei dawn
neutral, ti khan lo kal tawp rawh
fear, pawisa tam tawk ka mamawh ka buai tawp
sadness, i room a awm hi a nuam lo
fear, ka hlau lutuk a ka mu theilo
neutral, pawisa chu tlem azawng ka nei
sadness, ka theihnghilh deih alawm le a van pawi tak
sadness, he khawvel hrehawm zia hi
anger, khawvel hi ka hua
neutral, khawvel hi a bial
sadness, min duhlo
fear, khawvel hi tawp ang tih ka hlau
neutral, ka lu ka su
sadness, a pawi khawp mai
neutral, ka lu a nih hi
fear, ka pum ana lutuk ka hlau
joy, nizan ka va mutui ve
joy, i va zai thiam tak
fear, hna tam si hun tlem si
sadness, ka zai thei tawh lo 
sadness, pawi tak tak a ni
sadness, vawin nuam loh zia hi
joy, hna thawh hi a nuam tawp
anger, hna hi  ka haw ngawih ngawih
fear, ka chaw a kang ania engtin nge ka tih dawn
sadness, engmah pawh ka sawi peih lo 
fear, chaw ka chhum thiamlo ania
neutral, chaw ka ei mek
anger, chaw chhum pawh thiam lo mawl lutuk
fear, a va den em em ve
neutral, chaw i va chhum nasa em em ve
neutral, zai ang
fear, tu emaw khan min chhan teh u
joy, i va zai thiam em em ve
anger, i va mawl em em ve
fear, ka va thi nasa ve tinge a
fear, thihna
sadness, zai pawh ka zai peih lo
fear, trek chu a van tla nasa ve
sadness, trek in a deng a a thihphah alawm
joy, chaw ei avan tui
anger, trek chu ka va ning e aw
neutral, trek a tla
sadness, ka lung a ngai
sadness, mut ka chhak mahse ka theilo
neutral, mu ru
sadness, ka pu ka ngai
sadness, ngai ngawih ngawih
fear, ka pu a bo deih ania 
joy, ka naute piancham kan lawm
sadness, hna thawh a ngai a ka hman lo
sadness, ka lungngaih laiin thil ka ei thin
fear, hlauhna
sadness, ka ngai
fear, a hrang a nia aw
fear, ka hnar a rawn thi thut a ka hlauthawng deuh
fear, min chhang hram se aw min chhang duhlo ang tih ka hlau
neutral, min lo zui lawk mai
sadness, lungngaihna bak ka neilo
fear, ka lamthim lo ropui sia ka in ti zak ang tih ka hlau
fear, ka thawmhnaw ka tibo a min pui teh u
fear, min pui hram teh u
fear, puihna ka hmu zo lo
anger, ka thinrim khawp mai
fear, min be duh miahlo ka hlau
anger, mawla
sadness, ka thiamlo lutuk a ka lung a ngai tawp
neutral, lo leng rawh
neutral, leng deih ang
joy, ka lawm em em e
neutral, kha lem
sadness, kan thlahliam a ngai ta
anger, tenawm ve
neutral, kan mu tawh mai a nge
fear, miinn in min zui ania ka hlau
fear, enge ka tih tur ka theihnghilh deih ania
sadness, inchhir lutuk
sadness, ka inchhir tawp
neutral, ka hria e
sadness, ka khua a sik
fear, na chhawkna ei mai ka duh ka lu na hi a nasa lutuk
neutral, khawnge lehkha i zir
sadness, hun hi kal vat vat se ka ning
anger, kha hmun kha ka hua
sadness, ka hnung a na ka in entir dawn
neutral, hna kan thawk leh tawh ange
joy, ka hmaghaih lutuk che
neutral, ka hmu ngai miahlo
neutral, naktuk ah aw
fear, hna thawh ngei ngei ka ngai ania aw
neutral, ka zawt hman lo ania
neutral, ka vawi khat hmuhna
fear, ka pan in hruai hram se
fear, min lo hruai teh u
sadness, ka ngai ngawih ngawih che u
neutral, kan mu phawt ange
joy, ka fannu piancham kan lawm dawn
sadness, i be leh vat ang aw ka ngai lutuk che
neutral, ka mu
fear, tu emaw khan lo chhan te u
fear, ka taksa zawng zawng ana vek thil ka pawi a theng ka hlau
sadness, min kalsan lo hram hram teh
joy, ka haw thei hi ka lawm tawp
joy, lawm e
neutral, enge ni le
anger, ka ning khawp mai
fear, a chhiatloh beisei ang
fear, a  beisei bo khawp mai
sadness, ava pawi tak e aw
joy, hlim e
sadness, ngai che
sadness, ka ngai ngawih ngawih a hlim thin nen nen aw
neutral, karen a awm ta
neutral, ka chau lutuk
sadness, ngaihna
neutral, hahchawl ang
sadness, tawpna
neutral, khawnge i awm
sadness, a tawp ta
sadness, ka awm a nuamlo
neutral,a thuk khawp mai
joy, a va mawi ve
joy, mawi hle mai
neutral, inah ka mu 
fear, fail lo hram ila
fear, lo haw hram rawh aw
neutral, ka tleng chiah e
sadness, a va pawi thin tak em
neutral, tih tur ka nei tawhlo
sadness, ka ngai tawh che
anger,ka hua tak zet che u
anger, ka unaunu hi ka hua
anger, ka hna hi ka ning kawp mai
neutral, karleh ah aw
fear,lo ha ila a tha tur ania a pawi khawp mai
sadness, ka rilru  a hah
neutral, unau ka nei
fear, k mit a del ang tih ka hlu 
anger, ka ning ngawih ngawih
neutral, tarmit ka vuah
joy, vawin chu a nuam khawp mai
fear, rukru ka hlau
sadness, ka nghakhlel tawp che u
sadness, tinnge ka tih dawn ka computer a thi
sadness, ka bepawp  thei miahlo ka hlauthawng ania
fear, ka hlau ngawih ngawih
fear, kan chhak loh a va hlauhawm ve
fear, hmehriatloh lakah fimkhur rawh a a hlauhawm ania
neutral,vote ka thlak
fear, kawr hak tur ka neilo min pui teh u
fear, ka tichhe palh a min hrem ang tih ka hlau
neutral, vote i thlak ang u
sadness, a van hrehawm tak
sadness, a hrehawm khawp mai
sadness, ka rilru hi a hrehawm
neutral, chaw ei mek
joy, ka pass chhuak ve thei ta  ka van lawm
sadness, hrehawm e ka tho peihlo
fear, min tel ve loang tih ka hlau
fear,sikul kal ka va hlau tak em
sadness, ka thlai an thi vek
sadness, ka va kal hreh ve
fear, kar leh exam ka van hlauthawng tak em
neutral, tunkar a zo ta
fear, ka thiamlo si min  pui tu tur ka mamawh
sadness, ka ngaih tawh khawp mai
joy, ka kal a ngai lo van lawm tak
fear, an damlo ang tih k van hlau
fear, ka message a hmu loang tih ka hlau khawp mai
neutral, kan mu hma ange
sadness, ka phone ka hmang theiloa ka hrehawm khawp mai
joy, fiamthu hian min ti hlim veng veng zel
neutral, hun a in tlak ve zel e
anger, min hua ami a
anger, class hi ka haw ngawih ngawih
neutral, flim ka en dawn
sadness, ka tlawh hmanloa ka nuam lo
fear, buaina ka nei ania min pui ru
sadness, ka kal hman lo a van pawi tak em
anger, ka sam a tichhe ve alawm mawla chu
neutral, ka haw dawn chiah e
sadness,ka chau lutuk a hrehawm
sadness,internet a chhia a ninawm e
sadness, engmah pawh ka ei theilo a hreawm khawp mai
sadness, ninawm e karen a awm lo
sadness, a pawi thin ve le aw
fear,kan intlan siak dawn a ka tawlh tlu ang tih ka hlau
sadness,na ka lun an phallo a ninawm e
fear, ka hlauthawng lutuk a ka mu theilo
fear, swine flu vangin i thi ange ka hlau ania
anger, ka lawmlo ania aw
neutral, i va ho tak
neutral, concert ah ka kal dawn
sadness, k rilru a van hah tak
neutral, ka zin dawn 
neutral, thil  ka in
fear,chhiah hi ka hrethiamlo ka tisual ang tih ka hlau ania
joy, ka hmagaih tawp che
fear, tui ka neiloa ka hlauthawng deuh
neutral,ka hnar a za
neutral, nizanah news ka chhiar	
joy, ka lawm em em e
joy, avan han nuam tak em
fear, ruah chu an rawn sur thut maiah a hlauhawm
neutral, mu mai ang aw
neutral, vaccine kan la
fear, ka tleng hman lo ange aw a ka hlau ania
joy, a nuam e ka pass a
sadness, ka chau ngawih ngawih mai
joy, ka hmu leh thei che chu ka van lawm
fear, ka faten chaw an ei theiloa ka hlauthawng deuh
fear, hlauhthawng awm ve
sadness, ka add theilo che a ninawm tawp
anger, mi mawl ho chu ka thil an ru bo deih
fear, thlahrang film ka en a ka hlau raps mai
sadness, hna ah let a ngai a ninawm e
fear, ka awm a nuam lo puih ka ngai maithei ania
sadness, film chu min ti trap alawm
neutral, kum engzat nge i nih 
fear, ka thil ka tihbo ka hlau ania aw
sadness, ka hrethiam theilo
fear, ka nun dan hi ka hlau
fear, ka dawih teh mai ania aw
sadness, ka trah a chhuaka ka trap zawih zawih mai
joy, ka lawm tawp
fear, ka ngaihtuah teh mai che u ania aw
neutral, ho mai mai ka mu dawn
joy, kan chhak
neutral, a ho
joy, min lawmpui na zawng zawngah ka lawm e
neutral, tui ka hleuh thiamlo
sadness, ka rawn kal hman lo tur hi ka rilru a ti hah
sadness, thiante ka va ngai ve
neutral, class kal ang hmiang
sadness, hla chu ka trah a ti chhuak
sadness, ka trah a chhuak ngawih ngawih
joy, nimin kha a van han nuam em em ve ka hlim tawp
neutral, awle
joy, tui hi ka hmangaih tawp
neutral, a ho lutuk a tha e
fear, an rawn chhe thut mai ka hlau ania
sadness, mahni a mut hi chu a hrehawm
neutral, tinge a
sadness, phone thar ka mamawh
fear, ka phone a chhe thut mai
sadness, ka hmu leh theilo tur che hi ka hrehawm tawp
sadness, a damlo a a nuamlo ngawt ang
fear, ka hna ka zo hmanloang tih ka hlau ka damlo rei lutuk a
fear, ka ti nasa tak ang ti ka hlau
sadness, ka damlo a ka nuamlo tawp
fear, chaw ka ei loa ka chau ang tih ka hlau 
joy, karen a rawn awm ta
neutral, ta 
fear, ka kalsan che u  ngai dawn ka chesual ang tih ka hlau
sadness, ka trap zawih zawih alawm
joy, kan in hmuh hun chu a nuam ngawt ang
sadness, ka ngaituah lutuk che aw
fear, a bo ania a
fear, a bo deih maiah a hlauhthawn awm
neutral,tho ve thei chiah e
joy, he thil hi a tui tawp ka duh lutuk
fear, i bo deih a min ti hlauthawng alawm
sadness, ava nat hmel ve a
neutral, hna ka nie alawm
joy, lehkha zir hi chu a nuam tawp
neutral, mangtha mai u aw
sadness, tunah lo ka nuamlo lutuk
fear, a bo rei ve thil thalo a thleng a nge aw
fear, min kalsan suh aw
neutral, thawh veleh sikul kal ang aw
sadness, a nat hmel e a hrehawm
fear, min kalsan vek a ka hlau a lawm
fear, natna vangin min kalsan ang tih ka hlau
neutral, thil han zawt teh
joy, ka piancham kan lawm a a nuam lutuk
anger, ka pa vangin ka thawh hma angaih phah ka ngei lutuk
joy, miin min hruai dawn a nuam raps mai
sadness, ka hlawhchham der mai a
sadness, pum nat hi a hrehawm
sadness, ka ranvulh a dawmlo a
joy, ka thiante ka hmu leh theih hlauh hi chu ka lawm
fear, enge ka tihtur pawh ka hrethiamlo ka hlau ania
neutral, ka rawn thleng trep e
joy, kan duh te nena awm dun baka tha a awmlo
neutral, ka lo kal ang e aw
neutral, inah ka awm aw
sadness, tih theih nei ila ka va ti tak em
sadness, kan reiah hna thawh hi ka ning ngawih ngawih
neutral,in tho tawh em
sadness, thilo hram rawh ka tuar theilo ani aw
joy, a va lawmawm thin em
fear, mi zawng zawng in min kal bo san vek
fear, dam leh vat vat rawh aw
anger, enkim ka hua
fear, vawin khua chu a va huatthlak awm ve
fear, 	ka duhlet ania aw i ti bo a nge
sadness, tumah an awmlo hi chu a pawi khawp mai
neutral, kan inah ka awm lo
neutral, thla ka la thei miah lo
fear, ka mang chu thlahrang hlir ka hmu alawm le
joy, min puitute zawng zawngte
fear, a hlau ngawih ngawih min kalsan leh ang
neutral, kan inah piancham kan hmang ange aw
sadness, ka rilru a na  ngawih ngawih
neutral, ka hmu hmanlo a
joy, ka va nghakhlel tak em a nuam ngawt ang
sadness, ka ning ngawih ngawih vawin hi a ninawm 
sadness, ka thiannu a thi a
fear, tap chuan i kal loang u nagih a thalo
fear, 	tuman min ngaihsak loang tih te hi ka hlau ania	
joy, ka van duh tak che em
neutral, ka zo ta
sadness, ka diklo riau mai a
sadness, naktuk chu ka peihlo khawp mai ka diklo deuh a
neutral, a zo chiah e
fear, thlahrang a awm an ti ania aw
fear, thlahrang a rawn kal dawn
joy, kan dam tha a alawm
joy, mi han tihlim phawt mai ila
joy, ka nuih i ti za lutuk
joy, i va han nui nasa ve
joy, a van nuihzat thlak tak
joy, fiamthu i va han thawh thiam tak
joy, hlimna neih a ngai
joy, hlim veng veng mai a
joy, lawmman ka dawng
joy, pakhatna ka ni yeas
joy, nui vak mai rawh
joy, piancham i lawm ang u
joy, kan innei dawn
joy, inneihni a ni ta avan nuam
joy, ka nuam veng veng mai
joy, ka hmangaih ber nen kan innei dawn
joy, kan leng dawn 
joy, i rawn kal hi chuan a hlim veng veng zel ania
joy, tha taka pass bak baka nuam a awm lo
joy, i nula awm tluka nuam a awm a mawn le
joy, in in chu ava han nuam ve
joy, in lakah lawmthu ka sawi e
joy, min lawmpui avangin kan lawm e
joy, min rawn lawm pui ngei ngei ru
joy, i rawn kal hi chuan a dik vek mai thin
joy, lawmman ka dawng a
joy, pawisa min rawn pe hlawl mai
joy, christmas kan thleng leh ta
joy, ava ropui ve le
joy, thiamthil te han hrilh hi chu a nuam ania
joy, i va han tui em em vele
joy, hei tluka tui hi a awm dawn ami
joy, ropui hum hum hle mai a
joy, a va bawn turu em em ve
joy, i damtha tawh hi chu a lawmawm
joy, kan naui hmelthat zia hi aw
joy, he in chu a pui riap riap khawp mai
joy, thil thar ka dawng
joy, ka duh tak min rawn lei a
joy, ka duh apiang min lei 
joy, pawisa neih hi chu anuam ania
joy, hlim deuhin khawvel hi kan thlir veng veng teh ang
joy, thil min rawn hawn dawn bik bik
joy, ka nei bik bik
joy, i va nei tha ve
joy, ka duh tawps
joy, kha chu a nalh hle mai
joy, ruai kan threh ho ang chu
joy, ruaithrehni hi chu a nuam ania
joy, a tui lutuk ka ei zo thei loang
joy, pangpar chu ava mawi ve
joy, hei tluka thil mawi hi a awm dawn ami
joy, mawina
joy, ka tidik treuh mai 
joy,  ka van vannei tak
joy, ka vanei leh hlauh mai a
joy, vawiin chu ka va vannei e
joy, lehkha i va thiam turu ve
joy, ava lum nuam tak
joy, khua chu alum nuam tawp
joy, kan infiam dawn
joy, an infiam 
joy, khitah an in kawm ho kha
joy, zai nalh vele
joy, min ti ralmuang
joy, kutpui kan nei dawn 
joy, thil lawm tur kan nei bikah
joy, i pass kan lawm ang chu le
joy, i hlawhtling tawh khawp mai a
joy,nia ka hlawhtling ve hlauh mai
joy,fa ka nei ve trep tawh ania
joy,pa ka ni ve trep tawh ania
joy,nu ka ni ve trep tawh aw
joy,kan hnathawha hlawhtling bak baka pawimawh a awm ami le
joy,hna tha deuh ka nei alawm
joy,tha deuh khan kal mai mai teh
joy,min fiam bik ziah maiah
joy,ngaihzawng ka nei a
joy,ka ngaizawng che a
joy,ngawihzawng nen kan in hmu dawn
joy,ka nui nasa lutuk
joy,ka nui char char mai a
joy,fiamthu thawh thiam tawp
joy,ka hlim lutuk
joy,kan hlim alawm hei 
joy,ka hmangaih tawp che
joy,khawvel ka hmangaih che
joy,i bula kal mai mai hi avan nuam
joy,i bulah hi chun hun pawh hi a rei lo tawp
joy,i bulah awm tluka nuam a awm dawn a mi
joy,ka thiam hlir a rawn chhuak 
joy,ka nunah i pawimawh ber
joy,rei deuh hnua inhmuh leh chu avan han nuam tak
joy,kan inhmu leh thei chu a lawmawm tawp
joy,kutpui lawm ang u
joy,kut ah kan lam ang chu
joy,a va awl tak
joy,a awl pawlh leh anuam tin ani mai
joy,kan lam dual dual ang chu
joy,khi an lam thrup thrup mai alawm
joy,i van han lamthiam tak
joy,min zirtir dawn a 
joy,kan zirtirtu a tha lutuk ringawt
joy,he lehkhabu tluka chhiar nuam a awm loang
joy,exam kan zo ta
anger, i thinchhe lutuk 
anger, thinchhe pa 
anger, i va thinchhe tak 
anger, i va han chho em em ve
anger, ka thinrim zia hi i hrethiamlo
anger,ka thil hi vawi khat mah lo khawih tawh suh
anger,i va pawr ve
anger,insual ila a nia mai lawm
anger,kan sawisa dawn che
anger,a thinrim nasa sia
anger,min tih dan hi ka lawm lo
anger,thinthawk thut ka ching
anger,i va tum nasa ve
anger,a tum hmuk mai a
anger,nang zet chu i va tenawm e
anger,i ninawm tawh khawp mai
anger,trawng vak suh ka sawisa ang che
anger,ka beng ang che
anger,ka beng dawn khawp mai
anger,a thinrim laiin min sawisa 
anger,ka nu a thinrim lutuk
anger,ka chhungte an thinrim tawp
anger,ka pan min vin hrep dawn
anger,i va vin hler hlur ve
anger,vin vak vak suh a mawi lo
anger,ka thehdarh vek mai tur che a nia
anger,i chhak lo khawp ang
anger,ka nun min vin nasa lutuk
anger,khawlaiah an vin vak vak ngai lo a zahthlak
anger,insum hramhram teh
anger,thinrim loin insum hram teh u
anger,min cho a mi
anger,cho e
anger,thinchhe ve
anger,min beng lo chauh alawm a thinrim lutuk
anger,ka be peihlo che i thinchhe em mai
anger,thinchhe si a inawm
anger,ka ang leh tun tun tawp
anger,ang reng mai
anger,min angkhum reng maiah
anger,ka duhleh ka ang ang
anger,i sawi tur a awm lo zawnga
anger,zawnga i va zaktheilo ve
anger,thinrim laiin kut mit thlak
anger,a thinrim lutuk lo haw suh
anger,thin thawk thut thut ania
anger,i tih thinrim duhloh chuan engmah sawi suh
anger,an thinrim an insual alawm le
anger,engmaw ilo sawi ve zet zawt a
anger,ngawi hmak rawh ka thinrim hmain
anger,ka hlap dawn che
anger,intihbuai an ching a
anger,an intibuai a 
anger,ka lawmlo kawp mai min tih dan hi
anger,kan lungawilo teh mai ania aw
anger,i va lungawi loh hmel ve
anger,i lungawi loh leh lo kal lo tawp la ani mai alawm
anger,ka hmuh hun hunah a chhak loang
anger,i va chhaklo dawn tak em.
fear, hlauhna hi chu kan rilru ngaituahna vakvel atranga lo chhuak a ni
sadness,tumah min rawn call tur pawh ka nei lo
joy,mahni inhriatchiang hi hlim nan a pawimawh ani
joy,he lehkhabu ka chhiar hi chuan ka hlim veng veng zel
fear,mahni in pawnah pawh hei ka chhuak ngam lo
fear,naktuk thil lo thlengtur hi chu hlau loang u
joy, kha naupang hlim zia kha chu aw
fear, sakeibaknei hahum ri kan hriat chuan ka thin a phu dut dut mai alawm
joy, mahni duh duh danin a ziah theih hlauh mai
fear,lawmman ka dawng dawnlo amaw ka ti hman alawm le
anger,he zawhna har zia hi chua aw
fear,ka bialpan min sawisak hnu kha chuan ka khur zawih zawih alawm le
joy,christmas lawm nan bati kha han chhembelh teuh u khai
sadness, mi ka fiam dan hi internet ah tuman an hrethiam lo anih hi
sadness, thian hluite han hmuh hi chuan hmanlai min ti ngai ngawi ngawih alawm le
anger, kan chhanna a inang reng sia mark min pek tlem bik chu le 
fear, chukchu ni lo hlauh se ka van ti tak
fear, inhmel hriatirna neih a ngai dawn anih hi a
fear, ka pi lungphu thalo ka neih tir trep alawm le
sadness,zawhte pawm mai mai tur pawh ka neilo
joy, kan in ang i ti tak tak maw
joy, ka thiannu mo lawmna ah awm mek thil tha deuh ka dawng dawn
sadness, a thian tha tak a chan a lawm le
joy,hun reilote ah basketball kan khel dawn
sadness,nilenga ina awm reng hi ka  va ning tak em
joy,film ka en mek hmuhnawm khawp mai
fear, nau neih ka va hlau ve 
joy,thil zawnhmuh chu i vak chak tawh  awm ve
anger,ka thinrimna hi thil danga thlak dan i hrelo maw
neutral, enge i duh le
anger,ka thianpa nen ka in hnial hrep alawm le
joy, zin a hun taaaa
anger,thil ru duh turah min ngai ami a
fear, eng thil mah kan thlak danglam thei tak tak lo hi chu a va thalo tak em
fear,i hlauhna chu i rilru atranga lo piang mai mai ani
joy,vawiin hi kan inneih piancham vawi li na ania
fear, boruak a rawn nuam lo thut mai a
joy, kan nauten happy birthday hla an sa dawn chiah e
sadness, mahni chiah ha haw tur chu a
anger, kan threnawmte laka kan rilru put hmang chuan min va ti thinrim ve
anger,vawi khat pawh kha thil kha  a sawi leh chuan ka thinrim khawp ang
joy,ka thil dil an approve hlauh chu a ava lawm awm e
joy, kan in hlui han hmuh chuan a nuam khawp mai
fear, a hmu leh loang tih chu a hlau khawp mai
sadness, ka hna hi zawh hman hram i tum ang u khai a rei tawh em mai
fear, nga ti nge i khur zawih zawih reng a
fear, passenger te chu an hlauh hmel khawp mai
anger, tinge engmah a lo in rikawt lo ah
sadness, ka hria e keipawh ka in chhir khawp mai
joy, ka bem laiin aw a tih hlauh mai a a va nuam e
sadness,ruih laiin thil ka lo tweet vak anih hi
fear, ka duh che han tih ngawt chu ava huphurh awm ve
joy, ka thlalak chu tha deuhin a rawn chhuak thei hram e
joy, thiante nen an in fiam anih kha
joy,zanin chu khua a nuam khawp mai
sadness, tinge ka thil neih te an bo vek a
sadness, a pass te zingah ka hming a awm lo
joy, ka unaunu in min rawn tlawh hlawl mai
joy, ka hna atang ka haw ve thei ta
joy,vawiin hi kan in tawn ni ania
fear, khaia min va han su teuh mai mai ve
joy, mumang tha deuh ka nei
fear,ka mitah min en rawh kawngaihin min hlau suh
neutral,  ho ve
neutral, vawi sawmli na
neutral, ka hmu e
joy, christmas a lo hnai leh tawh ve
neutral,aw ka hmu e
joy,ka lehkha ziah chu an publish dawn anih chu
anger,mi mawl te vanga ka fapa a thi chu ka thin a va tirim tak em
sadness, follower pakhat lek neih chua a nuam vak lo
anger, ruah sur chu a va ninawm e  min ti tlai phah dawn
sadness,ka beiseina chu a kehdarh der mai a
joy,aw a va mawi e
joy, doctor hmuh ka va chhak tawh e
sadness, christmas lai pawn enge tih tur ka hrelo
joy, christmas laia thiante nen awm ho hi ava nuam tak
joy, ka hahchawl veng veng teh ang
joy, kan classah ka ti tha ber
anger, ka pawisa tunge la
joy, kan in kawm ho dawn
joy, class zawh hun ka va chak tawh em
neutral, kum 32 ka nia
joy, putara chuan min hmuh chuan a hlim hle
joy, hlim deuhin i awm ho dual dual ang u
joy, kan nu nen kan leng mai mai
fear, a thaw miah loa ania a lungphu kha en dik teh u
fear, mahni chauhin hmelhriatlohte inah ka awm alawm le
joy, hlimna hi i thehdarh dial dail ang u
fear, ka thil chah chu a bo ka va hlau e
sadness, ka pu a boral a
joy, mahni duh duh tih theih hi chu a nuam a nia
sadness, ka nu tlawh thei ila ka van ti tak
joy,i lakah kan lawm lutuk ania aw
joy, vawiin chu thil tha deuh a thleng alawm le
joy, ka nu in kawrlum min phiar sak a
anger,zin laiin min rawn be sek a min  ti thinrim alawm le
fear, tinge he thiang hlira a awm le a va pawi tak em
joy, engtik lai pawn nuh hram hram tum tur ania
sadness, ka bialpa nen kan inthren
neutral, keimah maw	
fear, i va hlauhthawn hmel ve i tha maw
joy, ka van han puar tak em
joy,he flim hi i hmuh ve chak kan ringa kan rawn sawm che anih hi
joy, tb a nilo hlauh mai a va nuam em
fear, ka cancer ang tih ka hlau e
joy,christmas lai tluka nalh hi a awm lo
fear, kha zet chu an va hlau hlawm ve
anger, ka haw veleh min hau a min ti thinrim alawm le
anger, ka threnawmte thluka ngei ka neilo
anger, tinge min chhan duh miah loa 
joy, tukchhuan nuam vek a che u
joy, a tawpah chuan kan in hmu leh thei hram e
anger, thinrim lutuka a trah a chhuak zawk alawm le
sadness, mahni duhloh zawng tih te hi a ngaih chhang a awm a nia
sadness, ka ui a thi
fear, i va han ngeiawm ve le
joy, class kan let ve thei ta
joy, christmas hla ngaithla ang aw
joy, ka thian hlui deuh a rawn leng a kan in bia alawm
fear, thil puan an neih apiangin ka trih ruai ruai thin
sadness, ka in sawi a ngai dawna ka awmna hi ka ngai dan khawp mai
neutral, min lo hrethiam lawk
fear, hlauh lo i tum dawn nia
sadness, ka thlinglo hlauh mai a va pawi e
fear, ka fail ang tih hi ka hlau thin
joy, ride ang u
fear, bus ka nang hmanloang tih ka va hlau ve
joy,tun hun lai vel hi ka duh tawp
anger, ni zan chungchang min zawt suh  zan zawng zawnga ka huat ber ala ni
joy, ka pass ta
sadness, a va pawi thin e
joy, vawiin chu ka hlim ve hlauh chu
joy, zan tui takin ka mu ve hlauh mai
joy, nimin kha i va che nuihzat thlak tak
sadness, tun semister chu ka ti thalo khawp mai
joy, class ka sawn thei hi ka va lawm tak
sadness, concert ticket kan chan velo alawm
joy, engmah tih tur neihloh hi chu a thawven thlak khawp mai
sadness, ka unaunu pi a thi
joy,  a unaunu in mothian a tan min sawm a ka va lawm tak
joy, ka unaupain mopathhian atan min hmang alawm
fear, hmelhriatloh ramah kan awm
joy, hma deuha ka tho ve hlawl mai
sadness, ka film duh ber a tawp deih alawm le
joy, ka zirtirtu chu ka thiannu a lo ni hlauh a alawm awm khawp mai
anger, mahni aiia chaklo zawkte puih an tum lo hi chu an ngeiawm kawpmai
anger, a eitur ah chil chhah ka chak kawp mai
sadness,chak hmel viau mah ila ka rilru a na ve thei ania
joy, chaw ei tui ve
anger, engmah tih dan tur pawh min hrilhloin tirawh min han ti ringawt hi chu a thinrim thlak khawp mai
fear, hmelma te an rawn kal ang tih hi a hlauhthawn awm khawp mai
joy, room tihfai a hun e
joy, ka rawn letleh hun ka nghakhleh khawp mai
fear, mahni chauh awm laia ramhuai thanthu han chhiar hi chu leh
fear, ramhuai flim en hnu hi chuan zanah pawh kan chhuak ngam hauh lo mai a
sadness, thanthu te anga nun thei hi ava chak awm tak em
sadness, nu leh pate inhnial hi chu a va nuamlo tak em
anger, ka pe vek tawh hnuah pawh min man an la tum hram chu le ka va hnek chak em
joy, min la hreve chu ka van lawm
neutral, i ti thei e
joy, ka dam nge damlo kan hriat theih ni chu alo thleng ta e
sadness, mahni duh zawnglote nena an awmdun tur chu ka khawngaih e
joy, hla nalh deuh hi chu rilru a cham veng veng zel
anger,ka mamawh tawhlo hnuah a rawn thleng ve chiah
joy, i piancham kan lawmpui a che
anger, tunge ka chungchang diklo deuha lo thehdarh tu hi
fear, thlawhtheihna ah hlau miah loa chuan ve hi ka chak
joy, an neih laiin lei vat vat ang
joy, haw veleha zawh te han hmuh tluk hi a awm lo
joy, a vawikhatnan ka in hmu ve thei ta
anger,i ninawm duhleh mahni in haw deih rawh
fear, khaia a rukte a thil tih a ngai dawn anih hi a
sadness, engtikah mah ka kalsan thei dawn lo anih hi
fear, ka chhanna hmuh pawh ka huphur khawp mai
joy, vawiinah mithar an rawn lut dawn
anger, ka hmuh apiang che hi ka sa phut zel
sadness, ka bialnun a rukin min lo rel a ni awm e
joy, vawiin zet chu ka va lang tha em
sadness, hun kal tawh te ka ngaihtuah leh veng veng alawm le
anger, enge tunah i duh a tihtur i hrelo ami
fear, kalpui tur ka neilo ang tih ka va hlau e
fear,min ti zam ruai ruai mai a
anger,ngawi hmak rawh hmela 
anger, an va mawl e zuk chhuka thil tih dan tur hrilh ka va chhak tak
fear,ka thiannu awm dan chu min va tinuam lo tak em
sadness, vawi nga lai min bem alawm
sadness, a khawngaihthlak awm khawp mai
joy, intlanni a niah mi tha deuh kan thlan a rinawm
sadness, heibak chu engmah ka hriatbelh theih tawh pawh ka ring lo
sadness, vawiin kan in hmuh tawp ni tur a ni ta
joy, ka duh ka nei thei trep ta
sadness,tipalh mahse pawisa chiah kan dawng thei a
neutral,ni lo e
joy,mi fiam i van peih mai mai tak em
joy, ka duh che min tih chuan ka hlim veng veng  zel
neutral, e anih tak chu
joy, lawmman dawng turin min thlang hlauh mai
joy,chungten thawmhnaw min rawn thawn hlawl mai
sadness, oi ka kawr ka ha tawk tawh lo
anger,anih chuan i duh leh vawiin ah kan sawi fel vek dawn nia
joy, in tih fai te hi a nuam a nia
sadness, ka hmelhriat awm chhun an sawn daih alawm le
sadness, he khawvel hi a lungngaih thlak ania
fear, khaia an in hmuh chu ka va huphurh ve
neutral, aw le
fear, a bula awm a nuam viau chung hian min ti hlauthawng thin
joy, ka lawpui lutuk che aw
sadness, ka nu hlim deuha a piancham hmantir ka duh anih loh chuan a lung ngai zel
neutral, car ka khalh mek
fear, hlau loiin ti tawp zel rawn anih loh chuan engmah i thi thei miah lo mai ang
sadness, ka pa ka va ngai tak em
anger, tunge ka thil khawih che u
fear, min melh dan kha min ti khur zawih zawih mai
neutral, thianna
joy, pawisa a thlawnin kan dawng dawn
fear, kan va accident teuh vele
sadness, i inkhel lai ka hmu chhak a sin le aw
joy, van veng team an chhak
sadness, ka puh a pawi khawp mai 
joy,ka thil tih theihloh ka ti thei tur hi ka lawm khawp mai
joy, ka mi duh tak ten min rawn duh let ve a alawm le
anger,kan in sual a lawm le
sadness, thanthu tawp dan chu min ti nuamlo huih alawm le
joy, kum nga chung ka hmuh tawh loh  hnuah ka unau pa ka hmu leh thei chu ka lawm hle mai
anger,zir hrep hnuah an cancel deih chu min ti lungawi lo khawp mai
sadness, a lungngaih zia kha chu aw a aw ah pawh a hriat theih alawm le
joy, tingpui leh chhang i ei ang u
fear, thu sawi a ngai a ka zam khawp mai
anger, biak theih miahloa in awm chu le zawngi
sadness,mi tam tak lungngai deuhin an awm alawm 
fear, khaia naktuk ah a rawn thleng dawn ka va hlauthawng tak
sadness, ka nun buai zia hi chu aw
joy, nipui laiin a nawm zia ka lo hria a
joy, ka nu thilpek ka pe a  alawm khawp mai
sadness, ka ui a damlo a damdawi inah ka hruai dawn
anger, min bum chule chu nu zet chu
neutral, ka hrethiam e
joy, kan thanpui theichieu hi chu kan lawm hle mai
sadness, ka pa a boral ta
anger, ka naupamg laka an thil tih chu a va tenawmin min va han ti thinrim ve
sadness, kumin a ni hreawm ber ka hmang mek
fear, naktuk a karen tha hram se ka van ti tak em
fear,khai a min ti phu alawm le
sadness, kawiah neg ka dah deih le
sadness, i nun ho deuha i hmanloh ka beisei
joy, hmanlai huna kan thin tih ka hriatchuah hian ka va in chhuang thin tak em
joy, biak tur awm loh chuan mut leh deih hi a numa ania
sadness, mi lungngai i hmuh chuan biak i lo tum thin dawn nia
joy, hmangaihna hi khawvela thil pek tha ber a ni
sadness, high school ka va ngai tak
joy, naktukah dam takin kan in hmu leh dawn nia
neutral, tu nge i nih ve le
sadness, pawive min ti chhakloh phah alawm le
joy,pathian thu ngaihthlak hi chuan rilru a dam duh
anger, hlim hmel deuhin lang mahse a thinrim teh mai ania aw
joy, december kan thleng ta kum khata hun nuam ber pawh a hnai leh tawh
fear, hmalam hun lo thlegtur hi ka hlau ani
anger,a thinrim lutuk a a awm hle hle theilo anih saw
fear,thihna hi ka hlau
fear, vawileh khatah kawngkhar a in hawng thuta min tiphu nasa lutuk
sadness, thanthu tha tak chhiar tur ka va duh tak
joy, tunlai naupang ten hmanlai hla an ngaihtlak han hriat hi a va nuam tak em	
joy, ka project ka zo hman hram e
joy, i bula mi kha angel ang  mai alawm le
anger, kan hun hman ka ngaihtuah chang hian ka ngei thei khawp mai
sadness, milem ziak thiam ila ka van ti tak
joy, a ruk tein eitur min rawn pe a alawmawm khawp mai
sadness, a tan engmahlo mai ka lo ni anih hi
sadness, he thawnthu lungngaih thlak zia hi chu aw
joy, an fanu a rai tih an hriat chuan an lawm khawp mai
sadness, min kalsan lo hram teh ka la hmangaih reng che
fear, ramhuai thanthu chhiar laiin min rawn tih thraih alawm le
sadness, kan duhtakte min kalsan tawh te tan bati i lo chhem ang u
fear, naktuk i hlau loang u
joy, album thar i lei vat vat ang u
anger, ka thiannu thil an lo peih deih hi chu ka lawmlo khawp mai
fear, ni zan ka mumang chu a va hlauhawm vele
neutral, ka awm alawm
joy, class lak laiin mut deuh hi chua ava nuam tak
fear, fimkhur deuhin nung rawh khai
sadness, kan zirtirtu hlui ka hmu a hun kal tawh min ti ngai veng veng mai
anger, he khawl chhiat zia hi chu aw ka thil a ti chhe vek alawm
fear, mi in min rawn bei thut a ka pawisa min laksak
neutral, school ah ka awm 
fear, tu emaw in ka zing tlan laiin min zuiru a ka hlau lutuk
sadness, ka computer a chhe deih a lawm le
sadness, ka nu in  i thau lutuk min han ti mai chu leh
fear, ka thianten an lo ngaihtuah pui lutuk che a
anger, tunge ka thil ru zawng ho
joy, ka zin haw hunah ka nute pek tuk ka lei a
joy,kan exam chu ka ti tha khawp mai
fear, ka thin a phu nasa lutuk
fear, ka in sawm tuk chu ka huphurh e
joy, in eng hi a va mai tak em
joy,tui kan cheng dawn bik bik
sadness, bus ah khan awm mai mai ila a tha tur
anger,a thinrimna a in sum hram hram alawm le
joy,hlim takin i nun zel theihnan ka lo thawngthai dawn nia
joy, i duh chuan ka pe deih ang che
joy, nilengin ka thiante nen kan awm ho dawn
neutral, enge ni ta a
joy, ka thianpa thu sawi turin an sawm alawm
joy, a tawpah ka mu ve thei ta
joy, motor a kal theih hi chu a van nuam tak em
sadness, mi zawng zawng hi an sawi ang loh hlir an lo ni anih hi
anger, vawi tam tak hrilh hnu pawn min biak duhloh chu le
anger,a pi a ti thinrim vak alawm le
joy, ka pi te kan tlawh dawn a hei
joy, naupangte hlimna nih theih i tum ang u
joy, ka thrante an chhak thei hi ka va lawm tak
neutral,nilo e tinge
neutral, motor ka khal mek
joy, kan zirtirtu hi ka duh tawp
joy,saturday nuam deuhin kan hmang ang chu le
joy,han fiam mai mai che hi ava nuam tak
joy, ka huat deuh a kal bo ta a va nuam tak
joy, hna ka hmu hlawl mai a
anger, tinge he thil hi a thawh theih miah loah a ka va haw tak
joy, ka chawl ve thei ta
joy,thian te nen kan in ho ang chu
joy, nitin a ngai te bawkin le
sadness, ka nei loang tih ka sawi hman trep mai a
joy, ka haw ve ta tui deuhin kan mu teh ang
joy, kan christmas bazar dawn
joy, kan veng zawipawl an chak
joy, naktuk ah kan leng chhuak dawn
joy, christmas laiin chaw ei khawm kan nei dawn
joy, biak inah ruai kan threh mek
sadness, in tih cher ka ngai
joy, i pian ava nalh tak
joy,i thilpek ah kan lawm lutuk ania aw
sadness, ka chhak amaw ka tia mahse kan lo chhaklo lek a
joy,christmas laia bazar hi a nuam ania
joy, thiante nen inkhel kan en dawn
joy, dawrah chaw kan eikawm mek
anger, thatchhepa hnate hi thawk ve ta che
sadness,darkar nga chhung zai zir angai dawn
joy, hna kan dil teh ang
joy, hlimna zawng zawng lakah ka in hawng e
joy, nimin ah ka nu in pheikhawk thar min lei alawm
joy, christmas kung mai zia hi chu aw
joy, nilengin chaw ei rawng min bawlsak alawm le
sadness, a lungngai lutuk a sakhua naah a in pek phah alawm le
anger, min ti buai sek suh
neutral, nga
sadness,  ka chhungte an rawn zin leh dawn lo
anger, zingkar atranga threnawmte an bengchheng hi chu a va ninawm tak
joy, thil engkima ka lungawi e
fear, ka va huphurh ve
anger, ka thinrim thut alawm le
sadness,vawiin khua  a va nuam lo em em vele
joy, hei keini pawh kan phur khawp mai
fear, khawngaihin ti tha hram ila
joy, ekser lak hi a nuam ania
fear, ekin trawp deuh a luh hi chu a zamawm duh khawp mai
fear, ramhuai flim mahni in ka en alawm
fear,hmelma ten min rawn bomb ang tih kan hlau thin ania
joy, ka hmagaih ten mih kuah hi chuan a nuam veng veng zel
neutral, enga tan
joy, zanin chu a van nuam tak
sadness,thil lo th;emgtur hriat hi chuan a hrehawm duh khawp mai
sadness,in hmuh khawm leh theih hram i tum ang u khai
fear, in dona alo thleng ta
fear,hlauh nei suh u
anger,thinrim loh tum pawm in rawn ti buai sek le
anger, mi hnawl leh tho tur si min thlang loh tawp tur alawm hmel ho
neutral, anih leh u le
joy, zing hma deuh a tha takin kan in be leh dawn nia
joy,nilengin basketball kan khel dawn
fear, ti nge in va hlauhthawng hmel vea
anger,tinge engah eitur pawh an siam loha
joy, minute sawm hnuah ka rawn kal ang
joy, chhum zim hi a va nuam tak
fear, ngati nge ka chungchang an zah vak vak le ka ngaih a va ti thalo e
joy, ka flim duh ber a chhunzawmna an siam dawn
fear,mi ti trih ruai ruai mai
anger, a vak mak thin tak em
fear, thina hi tu pawn an hlau a nia
joy, vawiin ka hmuh thei che hi a nuam e
neutral,pawilo e
joy,tha takin i zir ang u
fear,ka ngaihtuahna hi ka hlau khawp mai
sadness, engtin nge ni dawn ka thil en duh a tawp daih
anger, ka haw ngawih ngawih che u
sadness, an thil puan chu a va thalo e
sadness, ka pa a damlo a
fear,hmu tawh lo thei hram ila ka va ti em
joy, kha nu chu a va hlim hmel ve
joy,a tawpah min rawn be ve ta
fear, hlau loin huaisen takin hmachhawn tum rawh
sadness, awlsam deuhin min kalsan a
sadness, min tlanbo san daih
anger,min tih dan chuh in chak lo khawp amg
joy,a hmu leh thei che chu a lawm lutuk
fear,tlanchhe ru
neutral, enge i duh zawk
sadness,min hmuh tawh suh ka hmu duh tawhlo
joy,film kan en ho dawn
fear,ka tlanchhe dawn ka hlau
anger, ka sawisa dawn che
fear, min ti hlauthawng ania aw
joy,a that hmel khawp alawm
joy, vawiin that beisei ang aw
sadness,ka tihpalh hmahse heiai tlawmin ka ti theilo
anger, ka kawr min laksak daih alawm le
joy,zanin chu film hmuhnawm deuh ka en dawn
sadness, ka chhungte ka va ngai tak em
joy,min rawn zawm thei tur hi kan va lawm tak em
joy, an thil siam chu min va han ti riltram ve a tui hmel lutuk
fear,tinge police zan laman an chet vakah ka awm a ti nuam lo tlat mai
fear,ka thlarau tan i hlau ami
joy, relah nuamsa deuhin kan chuang ang chu le
joy, finals vel pawh kan zo ve trep ta a nuam khawp mai
joy,darkar nga hnuah ka zo ve thei ta
joy, ka hm thiam ve ta
sadness, khua a nuam teuh a sin le
fear, a na dawn em
sadness, class zawh hnu ah pawh ka hahchawl hman lo
joy, yay min pe va e
joy,thiante nena leng ho dial dial hi ava nuam tak em
joy, a chhanna min ziah sak avaing ka lawm em em e
sadness, i thiam trep tawh ti leh hram hram rawh
joy, a hma thei ang bera thil tih hi a tha ania
sadness, tunkar chu ka chawl hman meuh lo
joy,ka chahbi ka hmu ve ta
anger, tinge engmah pawh min lei duhloh chu le aw
joy, zan mut hah chawlh tluka nuam a awmlo
joy, vawiin hun nuam tak kan  hmang e
sadness,mahni chiaha ka awm chang hian au vak mai hi ka duh thin
joy, i thusawi hi kei tluka phurpuitu hi an awmlo ang
neutral, nihleh le
fear,khawvela tan in lianber hi ka nuna ni hian ka hre thin
fear, a vawi khat nan ruang ka hmu ve a ka trih ruai ruai mai
joy, nuam deuha awmleh hun ka va nghakhlel tak
joy, vawiin hun nuam tak nei vek ang che u 
joy, a lawm lutuk a a trap zawih zawih mai alawm
joy, nun hi midangte nena hman ho hian a nuam ber a nia
joy,hemi zawh hunah vawi khat mah ka tih a ngai tawh lo
joy,zanin chu a nuam dawn hem hem hle mai
anger, tuman in duhlo alo nih hi hmelho
joy, ka pute nena hun hman ho hi anuam ania
anger, ka raipur laiin min tlanbo san deih chu le zawnga chu
sadness, a van pawitak ka remote ka hmu zo lo
joy,naktuk ka ngakhlel lutuk a ka mu theilo
sadness, a hreawm hmel tawp
joy, lalpa i lakah ka lawm lawm e
sadness,naupang ruang ka hmu a a khawngaihtlak khawo mai
joy, ka lehkhabu an tlangzarh ta
fear, lalpa puinain engmah hlauh ka neilo ang
joy, kumtawp kan thleng leh thei hi a lawmawm hle mai
neutral,ka chhuak lawk dawn
joy, hriselna lampang lehkhabu chhiar hi a tha ania
sadness, engmah hrethiamlo mah ila pathian thu hnuaia awm vek ani
sadness, cancel lo hram se ka va ti tak
neutral,lehkha bu ka chhiar
fear, thahrang hlim ka en dawn
anger,an thil tih dan chu a va tenawm em em ve
joy, khua chu a va lum nuam ve
fear,nilenga chet theiloa awm chua a rapthlak lutuk
joy,vawiin chu a tha khawp mai a
anger, tinge mi i sawisak vak vak a
joy,ka thil tih theihloh te ka ti ve thei dawn ta
sadness, mi fate ang nih ve ka va chak tak
fear, khawngaihin ka min lo en ngei ngei rawh aw i enlo ang tih ka hlau ania
anger, sam met tu pa chu awww
anger,ninawm khawpin i trawng alawm le
joy, tlangte mawi zia hi
neutral, ka intiam e
anger,prime minister thil puan chu ka pawmpui ve hauhlo ania	
sadness, min ring se ka van ti tak em
sadness,ka tipalh tak zet ani
sadness, reideuh nghah hnuah a rawn thleng ve meuh chuan a ho zo vek
joy, pathian chu pathian ani reng a va ropui em
fear,naktuk ka hlau lo a chhan chu vawiin hi a hlimawm ani
joy, ka duhber anih kha
fear, thi lo se ka va ti ve
joy,eitur ka zawng hmu hlauh mai a
joy, ka ti ve hun a thleng trep tawh ka phur lutuk
fear, hlauloin kal zel ru
neutral, pathian thu ka ngaithla
sadness, ka phone a chhe deih ania
joy,pathian in tranpui tu tur che a rawn pe dawn che alawm
sadness, ka pi a thi ta
joy, zaitu chu a thiam hle mai
sadness,mahni leh mahni i inti lungngai mai mai ani
sadness, khawngaihin tleng ve hman hram ila
anger, i va hna tenawm hlawm ve
fear, thlahrag inah ka lut ngamlo ka tih ka tih kha
neutral, nilo e
joy, nail polish pherh miahloa hnawih theih hi a va  nuam tak
anger, min tih danah kan lawmlo khawp mai
fear, ka va hreh tak em
anger, dawtsawiah min han puh chu le 
joy, pawisa ka dawng hlawl mai a
sadness, ka kalsan tur hi ka lungngai
anger, zawnga
joy, he flim nuihzatthlak zia hi
joy, ka thiltih a ka hlawhchham dawn amaw tih hnuah ka hlawhtling hlawl mai
joy, zan zinkual mai mai dawn 
neutral,i thiam em em ang hlau suh
sadness, ka nun hei aia hrehawm theih ka ringloh nen nen 
fear,nakna chu an thehdarh ang tih a hlauhawm khawp mai
joy,zanin chu i tran ang aw
joy, lengchhuahpui tur ka nei bik
joy,hlimna hi lo kal zel rawh se
fear, misual rualin min um vak alawm le
joy, mi fiamthu ka ngaithla mai mai
neutral, nang maw
fear, ka upgrade ngamlo e a
fear, a awm a trihawm zia kha
joy, christmas hla chu a va mai vele
fear, kangmei chhuak chua ava den ve le
fear, hlauloin awmhahdam rawh
joy, hna thawhleh ka va chak em
joy, thu ka sawi thei hi ka lawmtak zet ani
fear, tinge a va kang nasa ve a
joy, tingpui tui deuh in hi a nuam ania
fear, chaw pawh a ei thei tawhlo a ka hlauthawng e
sadness, ka pi ka va ngai tak em
anger, tinge tianga i awm a ka eing hlek lo che ania aw
joy, tuna hlasak mawi zia kha
fear, mi thar te nena thawhho a ngaih hi chuan a zam awm duh teh mai ania
fear, hlauhna in i nun kaihruai ngai suh
joy, thla tawp kan thlengleh thei hi lawmthu i sawi ang u
joy, lawmna chu buaina neihloh nun hi a ni
fear, hmun thara in sawn hi chu a zamawm duh ania
sadness,nia maths hi ka thiamthei thlawt lo
joy, sikul ah kan let leh thei ta
sadness, an inthren chu a va pawi ve
anger, nikhatna atranga inhrem nghal chu a va ninawm ve
sadness,chak dawn veleh a haw daih zel 
neutral, mi kan zawt ange
joy, christmas kung kan chei dawn
fear, khaw dur chhunga thlawh chu kan hlauthawng ve khawp mai
joy, kan fa piangtur hi kan lawmpui tak zet ani
joy,ka nun hi pawimawhna min pek avangin ka lawm e
joy,christmas a mahni nu leh pate nena hmang theih hi a tha ania
joy, hla nalh deuh i ngaithla duh em
joy,nia midangte tranpui theitu an awm hi a tha ania
joy, in nun in pho ngam hi a ropui khawp mai
joy, pakhatna i ni a nia
joy, a ropui tawp mai a
neutral, ti maw
anger, hi thupuan hi do thlat ru
joy,ka thil neihte chhiar hi a tha ngai e
sadness, tinge hma deuhah trul lo deuhin ka thawh le
neutral, awle
joy, vawiin pawh nuam thei ang berin hmang ang che
joy, a tawpni kan thleng thei hi a ropui hle mai
joy,hlimna hi sual anilo chuvangin nuih reng tur
joy, ka lawm e mahse ka tilo law law mai ang 
joy,ka nuaten thrian an siam ve ta
joy, krismas chawlh kan hmang ve thei ta
fear,miin min rawn vau vak ringawt alawm le
joy, pawisa i siam leh hem hem mai ang aw
sadness, bawng hnute a awm tawhlo anih hi
joy, thusawi hmasa ber kan ngaithla thei hlauh mai
fear, timge i va ngawi ve i tha  maw
sadness, ti thei hlauh se aw
neutral, maw
joy, pawisa lamah buailoh hi ava nuam tak
fear, bike a khalh chak lutuka min ti hlau alawm
fear,bike chak deuhin khal lo hram rawh aw
sadness, ka hmangaihte ka kalsan a ngai dawn anih hi
sadness, khawnge a awm deih le aw ka hmu zo miah lo
anger, i va hna dawih tak nepa
joy, a kalsan hnuah a hlim deih zawk
anger, an thil fak chu a va tenawm ve
sadness, mahni hi ka inring thei thlawt lo
joy, chawlh hnuah hna i thawk leh ang u le
joy,khawvel ropui leh mawina anih hi
joy, in tha maw
anger,min ring thei miah lo hi min ti thinrim
anger,thinrim deuhin min thlir reng alawm
joy, ka kekawr ipte ah pawisa ka hmu hlawl mai
fear, tu mah min puitutur an awm lo hi chu a zamawm ve det
sadness, tumah ka piancham min lawmpui tu tr pawh an awm lo
joy,arsi te tlet mai zia hi
neutral, kum nga ka ni
joy,vawiin chu ni tha ber nilo mahse ni chhe ber ani biklo e
fear, oi exam chu ka va trih tak em vele
fear,hlauhna hi kan nunah pawh pawimawhna an nei ania
joy,lampui turin ka sawm thei che em
anger,khaw lum chu a ve hrehawm ve le
fear, zan ka haw apiangin chhak deuhin ka kal ziah

